No,id_order,is_invitation,order_name,order_surname,invitation_status,quantity,Nom assistent,Nom,Cognom,Correu electronic,checkin_status,Tipologia d'entrada,Data pagament,floor,zone,grandstand,row,col,seat,price_type_label,seat_info,organization_payment,management_payment,orderField
291,335488,FALSE,Abdel kader,Diop,,0,diop kader diop,diop,kader diop,kderabdel91@gmail.com,VALID,"Abonament divendres 10/04 (15,00 €)",2026-04-07 11:39:07,,,,,,,,,15,0.45,Abdel kader Diop
292,335488,FALSE,Abdel kader,Diop,,0,diop kader diop,diop,kader diop,kderabdel91@gmail.com,VALID,"Abonament diumenge 12/04 (30,00 €)",2026-04-07 11:39:07,,,,,,,,,30,0.9,Abdel kader Diop
5,338433,FALSE,Adam,Bezalel,,0,Adam Bezalel,Adam,Bezalel,adambezalel@yahoo.com,VALID,"Abonament dijous 16/04 (20,00 €)",2026-04-16 9:31:51,,,,,,,,,20,0.6,Adam Bezalel
6,332755,FALSE,Adrián,Sánchez Cerrillo,,0,Adrián Sánchez Cerrillo,Adrián,Sánchez Cerrillo,adriaszco@hotmail.com,VALID,"Abonament 2n cap de setmana (75,00 €)",2026-03-24 23:05:17,,,,,,,,,75,2.25,Adrián Sánchez Cerrillo
7,332755,FALSE,Adrián,Sánchez Cerrillo,,0,Adrián Sánchez Cerrillo,Adrián,Sánchez Cerrillo,adriaszco@hotmail.com,VALID,"Dinar popular + Esperit! (10,00 €)",2026-03-24 23:05:17,,,,,,,,,10,0.3,Adrián Sánchez Cerrillo
516,332755,FALSE,Adrián,Sánchez Cerrillo,,0,José Tomás Espuche López,José Tomás,Espuche López,josetomas95@hotmail.com,VALID,"Abonament 2n cap de setmana (75,00 €)",2026-03-24 23:05:17,,,,,,,,,75,2.25,Adrián Sánchez Cerrillo
517,332755,FALSE,Adrián,Sánchez Cerrillo,,0,José Tomás Espuche López,José Tomás,Espuche López,josetomas95@hotmail.com,VALID,"Dinar popular + Esperit! (10,00 €)",2026-03-24 23:05:17,,,,,,,,,10,0.3,Adrián Sánchez Cerrillo
10,339208,FALSE,Agustin,Vazquez,,0,Agustin Vazquez,Agustin,Vazquez,aguvazcas@gmail.com,VALID,"Perera Elsewhere + Rafush (10,00 €)",2026-04-18 19:58:24,,,,,,,,,10,0.3,Agustin Vazquez
186,339208,FALSE,Agustin,Vazquez,,0,Carlos Berzosa,Carlos,Berzosa,aguvazcas@gmail.com,VALID,"Perera Elsewhere + Rafush (10,00 €)",2026-04-18 19:58:24,,,,,,,,,10,0.3,Agustin Vazquez
472,339208,FALSE,Agustin,Vazquez,,0,Jesús Castro,Jesús,Castro,aguvazcas@gmail.com,VALID,"Perera Elsewhere + Rafush (10,00 €)",2026-04-18 19:58:24,,,,,,,,,10,0.3,Agustin Vazquez
520,339208,FALSE,Agustin,Vazquez,,0,Josep Muñoz,Josep,Muñoz,aguvazcas@gmail.com,VALID,"Perera Elsewhere + Rafush (10,00 €)",2026-04-18 19:58:24,,,,,,,,,10,0.3,Agustin Vazquez
13,338355,FALSE,Aina,Ferrer,,0,Aina Ferrer,Aina,Ferrer,ainaff35@gmail.com,VALID,"Ròdols i Cirgons - Escarlata (18.00h) (12,00 €)",2026-04-15 21:34:58,,,,,,,,,12,0.36,Aina Ferrer
14,338355,FALSE,Aina,Ferrer,,0,Aina Ferrer,Aina,Ferrer,ainaff35@gmail.com,VALID,"Perdón (unplugged) - Los'Informalls (12,00 €)",2026-04-15 21:34:58,,,,,,,,,12,0.36,Aina Ferrer
15,338355,FALSE,Aina,Ferrer,,0,Aina Ferrer,Aina,Ferrer,ainaff35@gmail.com,VALID,"Perera Elsewhere + Rafush (10,00 €)",2026-04-15 21:34:58,,,,,,,,,10,0.3,Aina Ferrer
24,338355,FALSE,Aina,Ferrer,,0,Alba Pérez,Alba,Pérez,albapgr90@gmail.com,VALID,"Ròdols i Cirgons - Escarlata (18.00h) (12,00 €)",2026-04-15 21:34:58,,,,,,,,,12,0.36,Aina Ferrer
25,338355,FALSE,Aina,Ferrer,,0,Alba Pérez,Alba,Pérez,albapgr90@gmail.com,VALID,"Perdón (unplugged) - Los'Informalls (12,00 €)",2026-04-15 21:34:58,,,,,,,,,12,0.36,Aina Ferrer
26,338355,FALSE,Aina,Ferrer,,0,Alba Pérez,Alba,Pérez,albapgr90@gmail.com,VALID,"Perera Elsewhere + Rafush (10,00 €)",2026-04-15 21:34:58,,,,,,,,,10,0.3,Aina Ferrer
19,337480,FALSE,Alba,Cardona Rosanas,,0,Alba Cardona Rosanas,Alba,Cardona Rosanas,albacardonapubli@gmail.com,VALID,"Ara o mai - La Crida Company (12,00 €)",2026-04-12 19:25:56,,,,,,,,,12,0.36,Alba Cardona Rosanas
20,337480,FALSE,Alba,Cardona Rosanas,,0,Alba Cardona Rosanas,Alba,Cardona Rosanas,albacardonapubli@gmail.com,VALID,"Kabaret Kontrast (10,00 €)",2026-04-12 19:25:56,,,,,,,,,10,0.3,Alba Cardona Rosanas
21,337503,FALSE,alba,farràs,,0,alba farràs,alba,farràs,albafarrasp@gmail.com,VALID,"Abonament dijous 16/04 (20,00 €)",2026-04-12 20:58:38,,,,,,,,,20,0.6,alba farràs
22,335695,FALSE,Alba,Hernandez Palomares,,0,Alba Hernandez Palomares,Alba,Hernandez Palomares,,VALID,"Dolores - My!Laika (12,00 €)",2026-04-07 22:45:50,,,,,,,,,12,0.36,Alba Hernandez Palomares
23,335695,FALSE,Alba,Hernandez Palomares,,0,Alba Hernandez Palomares,Alba,Hernandez Palomares,,VALID,"Konvent Klub (10,00 €)",2026-04-07 22:45:50,,,,,,,,,10,0.3,Alba Hernandez Palomares
27,334924,FALSE,Alba,Saura Clares,,0,Alba Saura Clares,Alba,Saura Clares,albasaura@gmail.com,VALID,"Abonament divendres 10/04 (15,00 €)",2026-04-04 16:32:43,,,,,,,,,15,0.45,Alba Saura Clares
62,334924,FALSE,Alba,Saura Clares,,0,Álvaro Imperial,Álvaro,Imperial,alvaro.imperial@gmail.com,VALID,"Abonament divendres 10/04 (15,00 €)",2026-04-04 16:32:43,,,,,,,,,15,0.45,Alba Saura Clares
649,337503,FALSE,alba,farràs,,0,lluis rafols,lluis,rafols,lluisrafols@gmail.com,VALID,"Abonament dijous 16/04 (20,00 €)",2026-04-12 20:58:38,,,,,,,,,20,0.6,alba farràs
28,336341,FALSE,Albert,Elizondo,,0,Albert Elizondo,Albert,Elizondo,elizondoalbert@hotmsil.com,VALID,"Abonament diumenge 12/04 (30,00 €)",2026-04-09 22:22:00,,,,,,,,,30,0.9,Albert Elizondo
29,336352,FALSE,Albert,Elizondo,,0,Albert Elizondo,Albert,Elizondo,,VALID,"Kabaret Kontrast (10,00 €)",2026-04-09 22:42:51,,,,,,,,,10,0.3,Albert Elizondo
30,339309,FALSE,albert,francisco,,0,albert francisco,albert,francisco,albertfracas@hotmail.com,VALID,"Rubbish Rabbit - Tony Clifton (12,00 €)",2026-04-19 11:27:02,,,,,,,,,12,0.36,albert francisco
31,339309,FALSE,albert,francisco,,0,albert francisco,albert,francisco,albertfracas@hotmail.com,VALID,"Dinar popular + Esperit! (10,00 €)",2026-04-19 11:27:02,,,,,,,,,10,0.3,albert francisco
33,335569,FALSE,Albert,Jiménez Tauste,,0,Albert Jiménez Tauste,Albert,Jiménez Tauste,albert.jimenez.tauste@gmail.com,VALID,"Abonament diumenge 12/04 (30,00 €)",2026-04-07 16:23:04,,,,,,,,,30,0.9,Albert Jiménez Tauste
877,336341,FALSE,Albert,Elizondo,,0,Núria Aceitón,Núria,Aceitón,n.aceiton1@gmail.com,VALID,"Abonament diumenge 12/04 (30,00 €)",2026-04-09 22:22:00,,,,,,,,,30,0.9,Albert Elizondo
878,336352,FALSE,Albert,Elizondo,,0,Núria Aceitón,Núria,Aceitón,,VALID,"Kabaret Kontrast (10,00 €)",2026-04-09 22:42:51,,,,,,,,,10,0.3,Albert Elizondo
51,336491,FALSE,Alessandro,Iasilli,,0,Alex lasilli,Alex,lasilli,,VALID,"Adeus - Cia. Oltrenotte (12,00 €)",2026-04-10 12:20:22,,,,,,,,,12,0.36,Alessandro Iasilli
52,336491,FALSE,Alessandro,Iasilli,,0,Alex lasilli,Alex,lasilli,,VALID,"Décrochez-moi ça - Bêtes de Foire (ds. 18/4) (12,00 €)",2026-04-10 12:20:22,,,,,,,,,12,0.36,Alessandro Iasilli
53,336491,FALSE,Alessandro,Iasilli,,0,Alex lasilli,Alex,lasilli,,VALID,"Kabaret Kontrast (10,00 €)",2026-04-10 12:20:22,,,,,,,,,10,0.3,Alessandro Iasilli
47,338026,FALSE,Alessia,Manca,,0,Alessia Manca,Alessia,Manca,alessia.manca2@gmail.com,VALID,"Abonament 2n cap de setmana (75,00 €)",2026-04-14 16:42:42,,,,,,,,,75,2.25,Alessia Manca
48,335694,FALSE,Alessio,Bertone,,0,Alessio Bertone,Alessio,Bertone,,VALID,"Dolores - My!Laika (12,00 €)",2026-04-07 22:44:25,,,,,,,,,12,0.36,Alessio Bertone
49,335694,FALSE,Alessio,Bertone,,0,Alessio Bertone,Alessio,Bertone,,VALID,"Konvent Klub (10,00 €)",2026-04-07 22:44:25,,,,,,,,,10,0.3,Alessio Bertone
50,338785,FALSE,Alex,Bru,,0,Alex Bru,Alex,Bru,alexgbru@gmail.com,VALID,"Décrochez-moi ça - Bêtes de Foire (dv. 17/4) (12,00 €)",2026-04-17 15:32:49,,,,,,,,,12,0.36,Alex Bru
57,338785,FALSE,Alex,Bru,,0,Alícia Dorca,Alícia,Dorca,alexgbru@gmail.com,VALID,"Décrochez-moi ça - Bêtes de Foire (dv. 17/4) (12,00 €)",2026-04-17 15:32:49,,,,,,,,,12,0.36,Alex Bru
654,338785,FALSE,Alex,Bru,,0,Magda Crusellas,Magda,Crusellas,alexgbru@gmail.com,VALID,"Décrochez-moi ça - Bêtes de Foire (dv. 17/4) (12,00 €)",2026-04-17 15:32:49,,,,,,,,,12,0.36,Alex Bru
54,330688,FALSE,Àlex,Trujillo,,0,Àlex Trujillo,Àlex,Trujillo,alextru91@gmail.com,VALID,"Abonament 2n cap de setmana (75,00 €)",2026-03-15 22:49:20,,,,,,,,,75,2.25,Àlex Trujillo
55,337308,FALSE,Àlex,Trujillo,,0,Àlex Trujillo,Àlex,Trujillo,,VALID,"Dinar popular + Esperit! (10,00 €)",2026-04-12 11:20:08,,,,,,,,,10,0.3,Àlex Trujillo
59,338410,FALSE,Alicia,Martí,,0,Alicia Martí,Alicia,Martí,ali.marti.garcia@gmail.com,VALID,"Ròdols i Cirgons - Escarlata (18.00h) (12,00 €)",2026-04-15 23:47:03,,,,,,,,,12,0.36,Alicia Martí
60,338521,FALSE,Alicia,Martí,,0,Alicia Martí,Alicia,Martí,ali.marti.garcia@gmail.com,VALID,"Perdón (unplugged) - Los'Informalls (12,00 €)",2026-04-16 17:48:04,,,,,,,,,12,0.36,Alicia Martí
925,338410,FALSE,Alicia,Martí,,0,Pedro Marijuan,Pedro,Marijuan,ali.marti.garcia@gmail.com,VALID,"Ròdols i Cirgons - Escarlata (18.00h) (12,00 €)",2026-04-15 23:47:03,,,,,,,,,12,0.36,Alicia Martí
926,338521,FALSE,Alicia,Martí,,0,Pedro Marijuan,Pedro,Marijuan,ali.marti.garcia@gmail.com,VALID,"Perdón (unplugged) - Los'Informalls (12,00 €)",2026-04-16 17:48:04,,,,,,,,,12,0.36,Alicia Martí
45,338520,FALSE,ALISA,PROKHOROVA,,0,Aleksandr Firsov,Aleksandr,Firsov,lifeuseroid@gmail.com,VALID,"Abonament diumenge 19/4 (excepte The Sinner) (25,00 €)",2026-04-16 17:27:44,,,,,,,,,25,0.75,ALISA PROKHOROVA
61,338520,FALSE,ALISA,PROKHOROVA,,0,ALISA PROKHOROVA,ALISA,PROKHOROVA,alisaabsurd@gmail.com,VALID,"Abonament diumenge 19/4 (excepte The Sinner) (25,00 €)",2026-04-16 17:27:44,,,,,,,,,25,0.75,ALISA PROKHOROVA
860,338520,FALSE,ALISA,PROKHOROVA,,0,Nataliya PROKHOROVA,Nataliya,PROKHOROVA,alisaabsurd@gmail.com,VALID,"Abonament diumenge 19/4 (excepte The Sinner) (25,00 €)",2026-04-16 17:27:44,,,,,,,,,25,0.75,ALISA PROKHOROVA
63,337217,FALSE,Amanda,Robinson,,0,Amanda Robinson,Amanda,Robinson,,VALID,"Konvent Klub (10,00 €)",2026-04-11 22:02:43,,,,,,,,,10,0.3,Amanda Robinson
390,337217,FALSE,Amanda,Robinson,,0,Francisca Rosso,Francisca,Rosso,,VALID,"Konvent Klub (10,00 €)",2026-04-11 22:02:43,,,,,,,,,10,0.3,Amanda Robinson
970,337217,FALSE,Amanda,Robinson,,0,Rene López ferla,Rene,López ferla,,VALID,"Konvent Klub (10,00 €)",2026-04-11 22:02:43,,,,,,,,,10,0.3,Amanda Robinson
66,335543,FALSE,Ambar luna,De waegemaeker,,0,Ambar De Waegemaeker,Ambar,De Waegemaeker,ambardw@gmail.com,VALID,"Konvent Klub (10,00 €)",2026-04-07 14:50:44,,,,,,,,,10,0.3,Ambar luna De waegemaeker
67,335543,FALSE,Ambar luna,De waegemaeker,,0,Ambar De Waegemaeker,Ambar,De Waegemaeker,ambardw@gmail.com,VALID,"Dinar popular + Inutile Randonnée (10,00 €)",2026-04-07 14:50:44,,,,,,,,,10,0.3,Ambar luna De waegemaeker
692,335543,FALSE,Ambar luna,De waegemaeker,,0,Marcos Romero,Marcos,Romero,r.markithoz@gmail.com,VALID,"Konvent Klub (10,00 €)",2026-04-07 14:50:44,,,,,,,,,10,0.3,Ambar luna De waegemaeker
693,335543,FALSE,Ambar luna,De waegemaeker,,0,MArcos Romero,MArcos,Romero,r.markithoz@gmail.com,VALID,"Dinar popular + Inutile Randonnée (10,00 €)",2026-04-07 14:50:44,,,,,,,,,10,0.3,Ambar luna De waegemaeker
72,336071,FALSE,Amelia,Jimenez Sanchez,,0,Amelia Jimenez Sanchez,Amelia,Jimenez Sanchez,amejs5@gmail.com,VALID,"Dolores - My!Laika (12,00 €)",2026-04-09 10:53:34,,,,,,,,,12,0.36,Amelia Jimenez Sanchez
175,336071,FALSE,Amelia,Jimenez Sanchez,,0,Camila Haas Primieri,Camila,Haas Primieri,camilaprimieri@gmail.com,VALID,"Dolores - My!Laika (12,00 €)",2026-04-09 10:53:34,,,,,,,,,12,0.36,Amelia Jimenez Sanchez
70,329989,FALSE,Amèlia,Bautista,,0,Amèlia Bautista,Amèlia,Bautista,amelia.bautista@gmail.com,VALID,"Abonament diumenge 19/4 (excepte The Sinner) (25,00 €)",2026-03-12 18:45:39,,,,,,,,,25,0.75,Amèlia Bautista
71,338800,FALSE,Amèlia,Bautista,,0,amelia bautista,amelia,bautista,,VALID,"Dinar popular + Esperit! (10,00 €)",2026-04-17 16:10:38,,,,,,,,,10,0.3,Amèlia Bautista
44,334843,FALSE,Ana,Ruiz,,0,Alek Vinyeta,Alek,Vinyeta,annaruizsoler@gmail.com,VALID,"Abonament dissabte 11/04 (35,00 €)",2026-04-04 1:10:01,,,,,,,,,35,01.05,Ana Ruiz
75,334030,FALSE,Ana,Perez Llanos,,0,Ana Perez Llanos,Ana,Perez Llanos,Anadleehi@gmail.com,VALID,"Dolores - My!Laika (12,00 €)",2026-03-30 22:11:48,,,,,,,,,12,0.36,Ana Perez Llanos
78,334843,FALSE,Ana,Ruiz,,0,Ana Ruiz soler,Ana,Ruiz soler,annaruizsoler@gmail.com,VALID,"Abonament dissabte 11/04 (35,00 €)",2026-04-04 1:10:01,,,,,,,,,35,01.05,Ana Ruiz
634,334030,FALSE,Ana,Perez Llanos,,0,Lucía Monteoliva Gómez,Lucía,Monteoliva Gómez,Anadleehi@gmail.com,VALID,"Dolores - My!Laika (12,00 €)",2026-03-30 22:11:48,,,,,,,,,12,0.36,Ana Perez Llanos
79,338400,FALSE,Andre,Hidalgo,,0,Andre Hidalgo,Andre,Hidalgo,pilolip@gmail.com,VALID,"Abonament 2n cap de setmana (75,00 €)",2026-04-15 23:27:34,,,,,,,,,75,2.25,Andre Hidalgo
80,336947,FALSE,andrea,schulte,,0,Andre schulte,Andre,schulte,,VALID,"Abonament diumenge 12/04 (30,00 €)",2026-04-11 12:51:52,,,,,,,,,30,0.9,andrea schulte
81,336947,FALSE,andrea,schulte,,0,Andre schulte,Andre,schulte,,VALID,"Abonament dijous 16/04 (20,00 €)",2026-04-11 12:51:52,,,,,,,,,20,0.6,andrea schulte
82,336947,FALSE,andrea,schulte,,0,Andre schulte,Andre,schulte,,VALID,"Chou chou ténèbres - SPPI (12,00 €)",2026-04-11 12:51:52,,,,,,,,,12,0.36,andrea schulte
83,336947,FALSE,andrea,schulte,,0,Andre schulte,Andre,schulte,,VALID,"Dinar popular + Inutile Randonnée (10,00 €)",2026-04-11 12:51:52,,,,,,,,,10,0.3,andrea schulte
84,338115,FALSE,Andrea,Camp Torres,,0,Andrea Camp Torres,Andrea,Camp Torres,andreacamptorres@hotmail.com,VALID,"Abonament diumenge 19/4 (excepte The Sinner) (25,00 €)",2026-04-14 22:05:56,,,,,,,,,25,0.75,Andrea Camp Torres
85,338665,FALSE,Andrea,Parra,,0,Andrea Parra,Andrea,Parra,andreaparradoblas@gmail.com,VALID,"Abonament divendres 17/04 (30,00 €)",2026-04-17 10:12:20,,,,,,,,,30,0.9,Andrea Parra
86,339013,FALSE,Andrea,Pellejero,,0,Andrea Pellejero,Andrea,Pellejero,pellejeroc.andrea@gmail.com,VALID,"Perdón (unplugged) - Los'Informalls (12,00 €)",2026-04-18 10:37:45,,,,,,,,,12,0.36,Andrea Pellejero
87,339013,FALSE,Andrea,Pellejero,,0,Andrea Pellejero,Andrea,Pellejero,pellejeroc.andrea@gmail.com,VALID,"Perera Elsewhere + Rafush (10,00 €)",2026-04-18 10:37:45,,,,,,,,,10,0.3,Andrea Pellejero
88,339341,FALSE,Andrea,Pellejero,,0,Andrea Pellejero,Andrea,Pellejero,pellejeroc.andrea@gmail.com,VALID,"Dinar popular + Esperit! (10,00 €)",2026-04-19 12:47:48,,,,,,,,,10,0.3,Andrea Pellejero
388,338115,FALSE,Andrea,Camp Torres,,0,Francesc Camp Torres,Francesc,Camp Torres,andreacamptorres@hotmail.com,VALID,"Abonament diumenge 19/4 (excepte The Sinner) (25,00 €)",2026-04-14 22:05:56,,,,,,,,,25,0.75,Andrea Camp Torres
452,338115,FALSE,Andrea,Camp Torres,,0,Ismat Ben Moussa,Ismat,Ben Moussa,andreacamptorres@hotmail.com,VALID,"Abonament diumenge 19/4 (excepte The Sinner) (25,00 €)",2026-04-14 22:05:56,,,,,,,,,25,0.75,Andrea Camp Torres
798,338115,FALSE,Andrea,Camp Torres,,0,Meritxell Torres Naudi,Meritxell,Torres Naudi,andreacamptorres@hotmail.com,VALID,"Abonament diumenge 19/4 (excepte The Sinner) (25,00 €)",2026-04-14 22:05:56,,,,,,,,,25,0.75,Andrea Camp Torres
89,335619,FALSE,Andreu,Canal,,0,Andreu Canal,Andreu,Canal,,VALID,"Konvent Klub (10,00 €)",2026-04-07 19:30:37,,,,,,,,,10,0.3,Andreu Canal
187,335619,FALSE,Andreu,Canal,,0,Carlos Garcia,Carlos,Garcia,,VALID,"Konvent Klub (10,00 €)",2026-04-07 19:30:37,,,,,,,,,10,0.3,Andreu Canal
871,334176,FALSE,Andreu,Monclús,,0,Nina Limacher,Nina,Limacher,,VALID,"Abonament dissabte 11/04 (35,00 €)",2026-03-31 15:27:14,,,,,,,,,35,01.05,Andreu Monclús
91,337159,FALSE,Àngela,Balcells Gol,,0,Àngela Balcells Gol,Àngela,Balcells Gol,angelabalcells@gmail.com,VALID,"Abonament diumenge 12/04 (30,00 €)",2026-04-11 19:48:05,,,,,,,,,30,0.9,Àngela Balcells Gol
950,337159,FALSE,Àngela,Balcells Gol,,0,Pol Mitjans Pujado,Pol,Mitjans Pujado,pol.mitjans@gmail.com,VALID,"Abonament diumenge 12/04 (30,00 €)",2026-04-11 19:48:05,,,,,,,,,30,0.9,Àngela Balcells Gol
93,337035,FALSE,Àngels,Lladó,,0,Àngels Lladó,Àngels,Lladó,angelslladoprat@gmail.com,VALID,"Ròdols i Cirgons - Escarlata (18.00h) (12,00 €)",2026-04-11 15:52:40,,,,,,,,,12,0.36,Àngels Lladó
328,337035,FALSE,Àngels,Lladó,,0,Elisabet Perpinyà,Elisabet,Perpinyà,,VALID,"Ròdols i Cirgons - Escarlata (18.00h) (12,00 €)",2026-04-11 15:52:40,,,,,,,,,12,0.36,Àngels Lladó
962,337035,FALSE,Àngels,Lladó,,0,Ramon Vinyes,Ramon,Vinyes,,VALID,"Ròdols i Cirgons - Escarlata (18.00h) (12,00 €)",2026-04-11 15:52:40,,,,,,,,,12,0.36,Àngels Lladó
1008,337035,FALSE,Àngels,Lladó,,0,Salvador Vinyes,Salvador,Vinyes,,VALID,"Ròdols i Cirgons - Escarlata (18.00h) (12,00 €)",2026-04-11 15:52:40,,,,,,,,,12,0.36,Àngels Lladó
97,337121,FALSE,Anna,morreres,,0,Anna Morreres López,Anna,Morreres López,anna.morreres.lopez@gmail.com,VALID,"Décrochez-moi ça - Bêtes de Foire (ds. 18/4) (12,00 €)",2026-04-11 19:03:57,,,,,,,,,12,0.36,Anna morreres
98,337121,FALSE,Anna,morreres,,0,Anna Morreres López,Anna,Morreres López,anna.morreres.lopez@gmail.com,VALID,"Perdón (unplugged) - Los'Informalls (12,00 €)",2026-04-11 19:03:57,,,,,,,,,12,0.36,Anna morreres
100,338175,FALSE,Anna,Bertran,,0,Anna Bertran Casas,Anna,Bertran Casas,anna.bertran.casas@gmail.com,VALID,"Décrochez-moi ça - Bêtes de Foire (ds. 18/4) (12,00 €)",2026-04-15 8:32:51,,,,,,,,,12,0.36,Anna Bertran
102,337846,FALSE,Anna,Codina i Corrons,,0,Anna Codina i Corrons,Anna,Codina i Corrons,annacodina.98@gmail.com,VALID,"Kabaret Kontrast (10,00 €)",2026-04-13 22:41:16,,,,,,,,,10,0.3,Anna Codina i Corrons
103,336121,FALSE,Anna,DELPY,,0,Anna Delpy,Anna,Delpy,anna.delpy@gmail.com,VALID,"Abonament dijous 16/04 (20,00 €)",2026-04-09 12:41:47,,,,,,,,,20,0.6,Anna DELPY
104,336121,FALSE,Anna,DELPY,,0,Anna Delpy,Anna,Delpy,anna.delpy@gmail.com,VALID,"Abonament divendres 17/04 (30,00 €)",2026-04-09 12:41:47,,,,,,,,,30,0.9,Anna DELPY
107,335449,FALSE,Anna,Gallego cisneros,,0,Anna Gallego,Anna,Gallego,anuska_900@hotmail.com,VALID,"Dolores - My!Laika (12,00 €)",2026-04-07 2:39:55,,,,,,,,,12,0.36,Anna Gallego cisneros
108,335449,FALSE,Anna,Gallego cisneros,,0,Anna Gallego,Anna,Gallego,anuska_900@hotmail.com,VALID,"Dolores - My!Laika (12,00 €)",2026-04-07 2:39:55,,,,,,,,,12,0.36,Anna Gallego cisneros
109,335449,FALSE,Anna,Gallego cisneros,,0,Anna Gallego,Anna,Gallego,anuska_900@hotmail.com,VALID,"Konvent Klub (10,00 €)",2026-04-07 2:39:55,,,,,,,,,10,0.3,Anna Gallego cisneros
110,335449,FALSE,Anna,Gallego cisneros,,0,Anna Gallego,Anna,Gallego,anuska_900@hotmail.com,VALID,"Konvent Klub (10,00 €)",2026-04-07 2:39:55,,,,,,,,,10,0.3,Anna Gallego cisneros
111,335449,FALSE,Anna,Gallego cisneros,,0,Anna Gallego,Anna,Gallego,anuska_900@hotmail.com,VALID,"Rubbish Rabbit - Tony Clifton (12,00 €)",2026-04-07 2:39:55,,,,,,,,,12,0.36,Anna Gallego cisneros
112,335449,FALSE,Anna,Gallego cisneros,,0,Anna Gallego,Anna,Gallego,anuska_900@hotmail.com,VALID,"Rubbish Rabbit - Tony Clifton (12,00 €)",2026-04-07 2:39:55,,,,,,,,,12,0.36,Anna Gallego cisneros
113,338218,FALSE,Anna,Gallego cisneros,,0,Anna Gallego cisneros,Anna,Gallego cisneros,anuska_900@hotmail.com,VALID,"Décrochez-moi ça - Bêtes de Foire (ds. 18/4) (12,00 €)",2026-04-15 12:42:04,,,,,,,,,12,0.36,Anna Gallego cisneros
115,334760,FALSE,Anna,Paricio,,0,Anna Paricio Tomás,Anna,Paricio Tomás,anna.pariciotomas@gmail.com,VALID,"Abonament dissabte 18/04 (excepte Escarlata) (35,00 €)",2026-04-03 15:23:27,,,,,,,,,35,01.05,Anna Paricio
116,334760,FALSE,Anna,Paricio,,0,Anna Paricio Tomás,Anna,Paricio Tomás,anna.pariciotomas@gmail.com,VALID,"Abonament dissabte 18/04 (excepte Escarlata) (35,00 €)",2026-04-03 15:23:27,,,,,,,,,35,01.05,Anna Paricio
117,334760,FALSE,Anna,Paricio,,0,Anna Paricio Tomás,Anna,Paricio Tomás,anna.pariciotomas@gmail.com,VALID,"Ròdols i cigrons - Escarlata (15.30h) (12,00 €)",2026-04-03 15:23:27,,,,,,,,,12,0.36,Anna Paricio
118,334760,FALSE,Anna,Paricio,,0,Anna Paricio Tomás,Anna,Paricio Tomás,anna.pariciotomas@gmail.com,VALID,"Ròdols i cigrons - Escarlata (15.30h) (12,00 €)",2026-04-03 15:23:27,,,,,,,,,12,0.36,Anna Paricio
120,335305,FALSE,Anna,Vila Ollé,,0,Anna Vila Ollé,Anna,Vila Ollé,annavilao.6@gmail.com,VALID,"Abonament 2n cap de setmana (75,00 €)",2026-04-06 16:11:54,,,,,,,,,75,2.25,Anna Vila Ollé
333,337161,FALSE,Anna,morreres,,0,Emili Morreres López,Emili,Morreres López,,VALID,"Décrochez-moi ça - Bêtes de Foire (ds. 18/4) (12,00 €)",2026-04-11 19:49:44,,,,,,,,,12,0.36,Anna morreres
334,337161,FALSE,Anna,morreres,,0,emili Morreres López,emili,Morreres López,,VALID,"Perdón (unplugged) - Los'Informalls (12,00 €)",2026-04-11 19:49:44,,,,,,,,,12,0.36,Anna morreres
465,337121,FALSE,Anna,morreres,,0,Jaume Rutllant Casas,Jaume,Rutllant Casas,anna.morreres.lopez@gmail.com,VALID,"Décrochez-moi ça - Bêtes de Foire (ds. 18/4) (12,00 €)",2026-04-11 19:03:57,,,,,,,,,12,0.36,Anna morreres
466,337121,FALSE,Anna,morreres,,0,Jaume Rutllant Casas,Jaume,Rutllant Casas,anna.morreres.lopez@gmail.com,VALID,"Perdón (unplugged) - Los'Informalls (12,00 €)",2026-04-11 19:03:57,,,,,,,,,12,0.36,Anna morreres
834,337121,FALSE,Anna,morreres,,0,montse Morreres Lopez,montse,Morreres Lopez,anna.morreres.lopez@gmail.com,VALID,"Perdón (unplugged) - Los'Informalls (12,00 €)",2026-04-11 19:03:57,,,,,,,,,12,0.36,Anna morreres
841,337121,FALSE,Anna,morreres,,0,Montse Morreres López,Montse,Morreres López,anna.morreres.lopez@gmail.com,VALID,"Décrochez-moi ça - Bêtes de Foire (ds. 18/4) (12,00 €)",2026-04-11 19:03:57,,,,,,,,,12,0.36,Anna morreres
869,338219,FALSE,Anna,Gallego cisneros,,0,Nil gill gallego Gallego cisneros,Nil gill gallego,Gallego cisneros,anuska_900@hotmail.com,VALID,"Décrochez-moi ça - Bêtes de Foire (ds. 18/4) (8,00 €)",2026-04-15 12:44:01,,,,,,,,,8,0.24,Anna Gallego cisneros
1009,338218,FALSE,Anna,Gallego cisneros,,0,Samir toumi Toumi,Samir toumi,Toumi,,VALID,"Décrochez-moi ça - Bêtes de Foire (ds. 18/4) (12,00 €)",2026-04-15 12:42:04,,,,,,,,,12,0.36,Anna Gallego cisneros
114,334970,FALSE,Anna Maria,Chedas,,0,Anna Maria Chedas,Anna Maria,Chedas,annamariachedas@gmail.com,VALID,"Abonament dissabte 11/04 (35,00 €)",2026-04-04 22:24:24,,,,,,,,,35,01.05,Anna Maria Chedas
804,338323,FALSE,Anna Minka,Konkol,,0,Minka Konkol,Minka,Konkol,minka.konkol@gmail.com,VALID,"Abonament 2n cap de setmana (75,00 €)",2026-04-15 18:05:23,,,,,,,,,75,2.25,Anna Minka Konkol
121,339324,FALSE,Antoni,ribe arnedo,,0,Antoni ribe arnedo,Antoni,ribe arnedo,aribe71@gmail.com,VALID,"Dinar popular + Esperit! (10,00 €)",2026-04-19 12:00:51,,,,,,,,,10,0.3,Antoni ribe arnedo
190,339324,FALSE,Antoni,ribe arnedo,,0,Carme Podros Ruiz,Carme,Podros Ruiz,aribe71@gmail.com,VALID,"Dinar popular + Esperit! (10,00 €)",2026-04-19 12:00:51,,,,,,,,,10,0.3,Antoni ribe arnedo
124,330841,FALSE,Antonio Jesús,López García,,0,Antonio Jesús López García,Antonio Jesús,López García,ajotalop@gmail.com,VALID,"Abonament 1r cap de setmana (60,00 €)",2026-03-16 18:34:46,,,,,,,,,60,1.8,Antonio Jesús López García
125,333632,FALSE,Aram,Amalrich,,0,Aram Amalrich,Aram,Amalrich,11aamalrich@gmail.com,VALID,"Abonament dissabte 11/04 (35,00 €)",2026-03-28 9:35:22,,,,,,,,,35,01.05,Aram Amalrich
980,333632,FALSE,Aram,Amalrich,,0,Rita Molinero,Rita,Molinero,rita.moligis@gmail.com,VALID,"Abonament dissabte 11/04 (35,00 €)",2026-03-28 9:35:22,,,,,,,,,35,01.05,Aram Amalrich
126,336030,FALSE,Arantza,Lopez Medina,,0,Arantza Labuena,Arantza,Labuena,lopez.arantzazu@gmail.com,VALID,"Dolores - My!Laika (12,00 €)",2026-04-09 8:50:10,,,,,,,,,12,0.36,Arantza Lopez Medina
64,337776,FALSE,Arcadi,Giol,,0,Amanda De Pedro,Amanda,De Pedro,amanda.de.pedro@gmail.com,VALID,"Abonament divendres 17/04 (30,00 €)",2026-04-13 18:46:59,,,,,,,,,30,0.9,Arcadi Giol
127,337776,FALSE,Arcadi,Giol,,0,Arcadi Giol,Arcadi,Giol,orcodo@gmail.com,VALID,"Abonament divendres 17/04 (30,00 €)",2026-04-13 18:46:59,,,,,,,,,30,0.9,Arcadi Giol
8,334397,FALSE,Ariadna,Mignogna,,0,Afrika bermudez,Afrika,bermudez,andrometaria@gmail.com,VALID,"Ròdols i Cirgons - Escarlata (18.00h) (12,00 €)",2026-04-01 12:45:56,,,,,,,,,12,0.36,Ariadna Mignogna
9,334397,FALSE,Ariadna,Mignogna,,0,Afrika bermudez,Afrika,bermudez,andrometaria@gmail.com,VALID,"Abonament dissabte 18/04 (excepte Escarlata) (20,00 €)",2026-04-01 12:45:56,,,,,,,,,20,0.6,Ariadna Mignogna
129,334394,FALSE,Ariadna,Mignogna,,0,Ariadna Mignogna,Ariadna,Mignogna,andrometaria@gmail.com,VALID,"Abonament dissabte 18/04 (excepte Escarlata) (35,00 €)",2026-04-01 12:43:21,,,,,,,,,35,01.05,Ariadna Mignogna
130,334394,FALSE,Ariadna,Mignogna,,0,Ariadna Mignogna,Ariadna,Mignogna,andrometaria@gmail.com,VALID,"Ròdols i Cirgons - Escarlata (18.00h) (12,00 €)",2026-04-01 12:43:21,,,,,,,,,12,0.36,Ariadna Mignogna
133,336780,FALSE,Arnau,Viedma,,0,Arnau Viedma,Arnau,Viedma,,VALID,"Abonament diumenge 12/04 (30,00 €)",2026-04-10 22:49:15,,,,,,,,,30,0.9,Arnau Viedma
135,336871,FALSE,Assumpcio,Prio,,0,Assumpció Prio,Assumpció,Prio,sunci.prio@gmail.com,VALID,"Perera Elsewhere + Rafush (10,00 €)",2026-04-11 10:18:29,,,,,,,,,10,0.3,Assumpcio Prio
136,336871,FALSE,Assumpcio,Prio,,0,Assumpcio Prio,Assumpcio,Prio,,VALID,"Dinar popular + Esperit! (10,00 €)",2026-04-11 10:18:29,,,,,,,,,10,0.3,Assumpcio Prio
446,336871,FALSE,Assumpcio,Prio,,0,Isabel Castel,Isabel,Castel,,VALID,"Perera Elsewhere + Rafush (10,00 €)",2026-04-11 10:18:29,,,,,,,,,10,0.3,Assumpcio Prio
447,336871,FALSE,Assumpcio,Prio,,0,Isabel Castel,Isabel,Castel,,VALID,"Dinar popular + Esperit! (10,00 €)",2026-04-11 10:18:29,,,,,,,,,10,0.3,Assumpcio Prio
553,336871,FALSE,Assumpcio,Prio,,0,Justine Roux,Justine,Roux,,VALID,"Dinar popular + Esperit! (10,00 €)",2026-04-11 10:18:29,,,,,,,,,10,0.3,Assumpcio Prio
554,338810,FALSE,Assumpcio,Prio,,0,Justine Roux,Justine,Roux,,VALID,"Muovipussi + Schlaasss (10,00 €)",2026-04-17 16:46:14,,,,,,,,,10,0.3,Assumpcio Prio
671,336871,FALSE,Assumpcio,Prio,,0,Mar Bascuñana,Mar,Bascuñana,,VALID,"Dinar popular + Esperit! (10,00 €)",2026-04-11 10:18:29,,,,,,,,,10,0.3,Assumpcio Prio
672,338810,FALSE,Assumpcio,Prio,,0,Mar Bascuñana,Mar,Bascuñana,sunci.prio@gmail.com,VALID,"Muovipussi + Schlaasss (10,00 €)",2026-04-17 16:46:14,,,,,,,,,10,0.3,Assumpcio Prio
742,336871,FALSE,Assumpcio,Prio,,0,Marta Corominas,Marta,Corominas,,VALID,"Perera Elsewhere + Rafush (10,00 €)",2026-04-11 10:18:29,,,,,,,,,10,0.3,Assumpcio Prio
743,336871,FALSE,Assumpcio,Prio,,0,Marta Corominas,Marta,Corominas,,VALID,"Dinar popular + Esperit! (10,00 €)",2026-04-11 10:18:29,,,,,,,,,10,0.3,Assumpcio Prio
748,336871,FALSE,Assumpcio,Prio,,0,Marta Aliguer,Marta,Aliguer,,VALID,"Perera Elsewhere + Rafush (10,00 €)",2026-04-11 10:18:29,,,,,,,,,10,0.3,Assumpcio Prio
749,336871,FALSE,Assumpcio,Prio,,0,Marta Aliguer,Marta,Aliguer,,VALID,"Dinar popular + Esperit! (10,00 €)",2026-04-11 10:18:29,,,,,,,,,10,0.3,Assumpcio Prio
759,336871,FALSE,Assumpcio,Prio,,0,Marta Oller,Marta,Oller,sunci.prio@gmail.com,VALID,"Perera Elsewhere + Rafush (10,00 €)",2026-04-11 10:18:29,,,,,,,,,10,0.3,Assumpcio Prio
760,336871,FALSE,Assumpcio,Prio,,0,Marta Oller,Marta,Oller,,VALID,"Dinar popular + Esperit! (10,00 €)",2026-04-11 10:18:29,,,,,,,,,10,0.3,Assumpcio Prio
1010,336871,FALSE,Assumpcio,Prio,,0,Sandra Gross,Sandra,Gross,,VALID,"Perera Elsewhere + Rafush (10,00 €)",2026-04-11 10:18:29,,,,,,,,,10,0.3,Assumpcio Prio
1013,336871,FALSE,Assumpcio,Prio,,0,Sandra Gross,Sandra,Gross,,VALID,"Dinar popular + Esperit! (10,00 €)",2026-04-11 10:18:29,,,,,,,,,10,0.3,Assumpcio Prio
1089,336871,FALSE,Assumpcio,Prio,,0,Victòria Carrio,Victòria,Carrio,,VALID,"Perera Elsewhere + Rafush (10,00 €)",2026-04-11 10:18:29,,,,,,,,,10,0.3,Assumpcio Prio
1090,336871,FALSE,Assumpcio,Prio,,0,Victòria Carrio,Victòria,Carrio,,VALID,"Dinar popular + Esperit! (10,00 €)",2026-04-11 10:18:29,,,,,,,,,10,0.3,Assumpcio Prio
140,334836,FALSE,Barbara,Bort Martin,,0,Barbara Bort,Barbara,Bort,bbortmar7@gmail.com,VALID,"Walk in Progress (10,00 €)",2026-04-03 23:42:23,,,,,,,,,10,0.3,Barbara Bort Martin
142,335905,FALSE,Barbara,Eisele,,0,Barbara Eisele,Barbara,Eisele,thebarbiemail@hotmail.com,VALID,"Dinar popular + Esperit! (10,00 €)",2026-04-08 18:47:38,,,,,,,,,10,0.3,Barbara Eisele
195,335905,FALSE,Barbara,Eisele,,0,Carol Ortega,Carol,Ortega,thebarbiemail@hotmail.com,VALID,"Dinar popular + Esperit! (10,00 €)",2026-04-08 18:47:38,,,,,,,,,10,0.3,Barbara Eisele
316,335905,FALSE,Barbara,Eisele,,0,Elia Gran,Elia,Gran,thebarbiemail@hotmail.com,VALID,"Dinar popular + Esperit! (10,00 €)",2026-04-08 18:47:38,,,,,,,,,10,0.3,Barbara Eisele
564,334836,FALSE,Barbara,Bort Martin,,0,Laia Casas,Laia,Casas,,VALID,"Walk in Progress (10,00 €)",2026-04-03 23:42:23,,,,,,,,,10,0.3,Barbara Bort Martin
144,334782,FALSE,Bàrbara,Palacios,,0,BARBARA Palacios Navarrete,BARBARA,Palacios Navarrete,lullaboop@gmail.com,VALID,"Abonament diumenge 12/04 (30,00 €)",2026-04-03 17:59:49,,,,,,,,,30,0.9,Bàrbara Palacios
145,334782,FALSE,Bàrbara,Palacios,,0,BARBARA Palacios Navarrete,BARBARA,Palacios Navarrete,lullaboop@gmail.com,VALID,"Dolores - My!Laika (12,00 €)",2026-04-03 17:59:49,,,,,,,,,12,0.36,Bàrbara Palacios
146,334782,FALSE,Bàrbara,Palacios,,0,BARBARA Palacios Navarrete,BARBARA,Palacios Navarrete,lullaboop@gmail.com,VALID,"Chou chou ténèbres - SPPI (12,00 €)",2026-04-03 17:59:49,,,,,,,,,12,0.36,Bàrbara Palacios
387,337338,FALSE,Bàrbara,Palacios,,0,FRANCESC ALUJAS,FRANCESC,ALUJAS,lullaboop@gmail.com,VALID,"Décrochez-moi ça - Bêtes de Foire (dg. 12/4) (12,00 €)",2026-04-12 12:50:04,,,,,,,,,12,0.36,Bàrbara Palacios
149,330374,FALSE,Barbotte,Aurélie,,0,Barbotte Aurélie,Barbotte,Aurélie,aureliebarbotte@yahoo.fr,VALID,"Abonament 1r cap de setmana (60,00 €)",2026-03-14 11:23:29,,,,,,,,,60,1.8,Barbotte Aurélie
155,333492,FALSE,benjamí,oller riera,,0,benjamí oller riera,benjamí,oller riera,menjami@hotmail.com,VALID,"Abonament divendres 10/04 (15,00 €)",2026-03-27 16:46:37,,,,,,,,,15,0.45,benjamí oller riera
156,333492,FALSE,benjamí,oller riera,,0,benjamí oller riera,benjamí,oller riera,menjami@hotmail.com,VALID,"Ròdols i cigrons - Escarlata (15.30h) (12,00 €)",2026-03-27 16:46:37,,,,,,,,,12,0.36,benjamí oller riera
157,333492,FALSE,benjamí,oller riera,,0,benjamí oller riera,benjamí,oller riera,menjami@hotmail.com,VALID,"Adeus - Cia. Oltrenotte (12,00 €)",2026-03-27 16:46:37,,,,,,,,,12,0.36,benjamí oller riera
324,333492,FALSE,benjamí,oller riera,,0,elisabet padró majem,elisabet,padró majem,betpadro@hotmail.es,VALID,"Ròdols i cigrons - Escarlata (15.30h) (12,00 €)",2026-03-27 16:46:37,,,,,,,,,12,0.36,benjamí oller riera
326,333492,FALSE,benjamí,oller riera,,0,elisabet padró majem,elisabet,padró majem,betpadro@hotmail.es,VALID,"Abonament divendres 10/04 (15,00 €)",2026-03-27 16:46:37,,,,,,,,,15,0.45,benjamí oller riera
327,333492,FALSE,benjamí,oller riera,,0,elisabet padro majem,elisabet,padro majem,betpadro@hotmail.es,VALID,"Adeus - Cia. Oltrenotte (12,00 €)",2026-03-27 16:46:37,,,,,,,,,12,0.36,benjamí oller riera
449,333492,FALSE,benjamí,oller riera,,0,Isabel vilamu,Isabel,vilamu,mvilamu@gmail.com,VALID,"Abonament divendres 10/04 (15,00 €)",2026-03-27 16:46:37,,,,,,,,,15,0.45,benjamí oller riera
450,333492,FALSE,benjamí,oller riera,,0,Isabel vilamu,Isabel,vilamu,mvilamu@gmail.com,VALID,"Ròdols i cigrons - Escarlata (15.30h) (12,00 €)",2026-03-27 16:46:37,,,,,,,,,12,0.36,benjamí oller riera
451,333492,FALSE,benjamí,oller riera,,0,Isabel vilamu,Isabel,vilamu,mvilamu@gmail.com,VALID,"Adeus - Cia. Oltrenotte (12,00 €)",2026-03-27 16:46:37,,,,,,,,,12,0.36,benjamí oller riera
158,334325,FALSE,Berger,Florentin,,0,Berger Florentin,Berger,Florentin,florentin.berger@gmail.com,VALID,"Abonament 1r cap de setmana (60,00 €)",2026-04-01 8:26:48,,,,,,,,,60,1.8,Berger Florentin
213,334325,FALSE,Berger,Florentin,,0,Cellier Pauline,Cellier,Pauline,florentin.berger@gmail.com,VALID,"Abonament 1r cap de setmana (60,00 €)",2026-04-01 8:26:48,,,,,,,,,60,1.8,Berger Florentin
164,337719,FALSE,Berta,Escudero,,0,Berta Escudero,Berta,Escudero,berta.escuderoboada@gmail.com,VALID,"Décrochez-moi ça - Bêtes de Foire (ds. 18/4) (12,00 €)",2026-04-13 15:45:19,,,,,,,,,12,0.36,Berta Escudero
165,337719,FALSE,Berta,Escudero,,0,Berta Escudero,Berta,Escudero,berta.escuderoboada@gmail.com,VALID,"Perera Elsewhere + Rafush (10,00 €)",2026-04-13 15:45:19,,,,,,,,,10,0.3,Berta Escudero
166,333838,FALSE,Berta,Vilanova,,0,Berta Vilanova,Berta,Vilanova,bertavilanova3@gmail.com,VALID,"Abonament diumenge 19/4 (excepte The Sinner) (25,00 €)",2026-03-29 19:38:15,,,,,,,,,25,0.75,Berta Vilanova
167,333838,FALSE,Berta,Vilanova,,0,Berta Vilanova,Berta,Vilanova,bertavilanova3@gmail.com,VALID,"Dinar popular + Esperit! (10,00 €)",2026-03-29 19:38:15,,,,,,,,,10,0.3,Berta Vilanova
218,333838,FALSE,Berta,Vilanova,,0,Clara Duch,Clara,Duch,duch.clara@gmail.com,VALID,"Abonament diumenge 19/4 (excepte The Sinner) (25,00 €)",2026-03-29 19:38:15,,,,,,,,,25,0.75,Berta Vilanova
224,333838,FALSE,Berta,Vilanova,,0,Clara Duch,Clara,Duch,duch.clara@gmail.com,VALID,"Dinar popular + Esperit! (10,00 €)",2026-03-29 19:38:15,,,,,,,,,10,0.3,Berta Vilanova
342,337719,FALSE,Berta,Escudero,,0,Enric Alberti,Enric,Alberti,berta.escuderoboada@gmail.com,VALID,"Décrochez-moi ça - Bêtes de Foire (ds. 18/4) (12,00 €)",2026-04-13 15:45:19,,,,,,,,,12,0.36,Berta Escudero
343,337719,FALSE,Berta,Escudero,,0,Enric Alberti,Enric,Alberti,berta.escuderoboada@gmail.com,VALID,"Perera Elsewhere + Rafush (10,00 €)",2026-04-13 15:45:19,,,,,,,,,10,0.3,Berta Escudero
168,335799,FALSE,Berthet,Annabelle,,0,Berthet Annabelle,Berthet,Annabelle,annabelle.berthet@gmail.com,VALID,"Abonament 2n cap de setmana (75,00 €)",2026-04-08 12:33:25,,,,,,,,,75,2.25,Berthet Annabelle
170,338307,FALSE,bonnecuelle,matthieu,,0,bonnecuelle matthieu,bonnecuelle,matthieu,nuagebmx@gmail.com,VALID,"Abonament 2n cap de setmana (75,00 €)",2026-04-15 17:12:37,,,,,,,,,75,2.25,bonnecuelle matthieu
69,335795,FALSE,Bourguinat,Ambroise,,0,Ambroise Bourguinat,Ambroise,Bourguinat,,VALID,"Dinar popular + Inutile Randonnée (10,00 €)",2026-04-08 12:27:23,,,,,,,,,10,0.3,Bourguinat Ambroise
1045,335795,FALSE,Bourguinat,Ambroise,,0,Sole Revuelta,Sole,Revuelta,,VALID,"Dinar popular + Inutile Randonnée (10,00 €)",2026-04-08 12:27:23,,,,,,,,,10,0.3,Bourguinat Ambroise
1059,335795,FALSE,Bourguinat,Ambroise,,0,Théo bonne question,Théo,bonne question,,VALID,"Abonament divendres 10/04 (15,00 €)",2026-04-08 12:27:23,,,,,,,,,15,0.45,Bourguinat Ambroise
1060,335795,FALSE,Bourguinat,Ambroise,,0,Théo bonne question,Théo,bonne question,,VALID,"Abonament diumenge 12/04 (30,00 €)",2026-04-08 12:27:23,,,,,,,,,30,0.9,Bourguinat Ambroise
1061,335795,FALSE,Bourguinat,Ambroise,,0,Théo bonne question,Théo,bonne question,,VALID,"Dolores - My!Laika (12,00 €)",2026-04-08 12:27:23,,,,,,,,,12,0.36,Bourguinat Ambroise
1062,335795,FALSE,Bourguinat,Ambroise,,0,Théo bonne question,Théo,bonne question,,VALID,"Konvent Klub (10,00 €)",2026-04-08 12:27:23,,,,,,,,,10,0.3,Bourguinat Ambroise
1063,335795,FALSE,Bourguinat,Ambroise,,0,Théo bonne question,Théo,bonne question,,VALID,"Dinar popular + Inutile Randonnée (10,00 €)",2026-04-08 12:27:23,,,,,,,,,10,0.3,Bourguinat Ambroise
176,339106,FALSE,Camille,Lefevre,,0,Camille Lefevre,Camille,Lefevre,,VALID,"Abonament diumenge 19/4 (excepte The Sinner) (25,00 €)",2026-04-18 14:40:14,,,,,,,,,25,0.75,Camille Lefevre
138,330483,FALSE,Carla,Soler i Aramburu,,0,Aurelià Serra Cauchetiez,Aurelià,Serra Cauchetiez,carlasoler18@gmail.com,VALID,"Abonament divendres 17/04 (30,00 €)",2026-03-14 20:26:54,,,,,,,,,30,0.9,Carla Soler i Aramburu
178,330483,FALSE,Carla,Soler i Aramburu,,0,Carla Soler i Aramburu,Carla,Soler i Aramburu,carlasoler18@gmail.com,VALID,"Abonament divendres 17/04 (30,00 €)",2026-03-14 20:26:54,,,,,,,,,30,0.9,Carla Soler i Aramburu
180,332931,FALSE,Carla,Escursell Cols,,0,Carla Escursell Cols,Carla,Escursell Cols,carlaescursellcols@gmail.com,VALID,"Abonament 1r cap de setmana (60,00 €)",2026-03-25 22:04:11,,,,,,,,,60,1.8,Carla Escursell Cols
181,334742,FALSE,Carla,Salvador,,0,Carla Salvador Borrut,Carla,Salvador Borrut,carlasalvadormusic@gmail.com,VALID,"Abonament diumenge 19/4 (excepte The Sinner) (25,00 €)",2026-04-03 12:54:08,,,,,,,,,25,0.75,Carla Salvador
361,332931,FALSE,Carla,Escursell Cols,,0,Fabio Cazzola,Fabio,Cazzola,carlaescursellcols@gmail.com,VALID,"Abonament 1r cap de setmana (60,00 €)",2026-03-25 22:04:11,,,,,,,,,60,1.8,Carla Escursell Cols
882,334742,FALSE,Carla,Salvador,,0,Núria Prat Corzán,Núria,Prat Corzán,carlasalvadormusic@gmail.com,VALID,"Abonament diumenge 19/4 (excepte The Sinner) (25,00 €)",2026-04-03 12:54:08,,,,,,,,,25,0.75,Carla Salvador
182,335105,FALSE,Carles,Casallachs,,0,Carles Casallachs,Carles,Casallachs,,VALID,"Abonament dissabte 11/04 (35,00 €)",2026-04-05 18:34:58,,,,,,,,,35,1.5,Carles Casallachs
183,331455,FALSE,CARLES,SABATA SABATE,,0,CARLES SABATA,CARLES,SABATA,,VALID,"Abonament 1r cap de setmana (60,00 €)",2026-03-19 13:58:30,,,,,,,,,60,1.8,CARLES SABATA SABATE
994,331455,FALSE,CARLES,SABATA SABATE,,0,ROSA SERRA,ROSA,SERRA,,VALID,"Abonament 1r cap de setmana (60,00 €)",2026-03-19 13:58:30,,,,,,,,,60,1.8,CARLES SABATA SABATE
192,336293,FALSE,Carme,Valldosera,,0,Carme Valldosera,Carme,Valldosera,carmevall@telefonica.net,VALID,"Abonament diumenge 12/04 (30,00 €)",2026-04-09 20:11:37,,,,,,,,,30,0.9,Carme Valldosera
193,339081,FALSE,Carme,Vendrell,,0,Carme Vendrell,Carme,Vendrell,,VALID,"Adeus - Cia. Oltrenotte (12,00 €)",2026-04-18 13:39:42,,,,,,,,,12,0.36,Carme Vendrell
975,335463,FALSE,Carmo Martins,Rita,,0,Rita Carmo martins,Rita,Carmo martins,,VALID,"Abonament diumenge 12/04 (30,00 €)",2026-04-07 9:26:51,,,,,,,,,30,0.9,Carmo Martins Rita
976,335463,FALSE,Carmo Martins,Rita,,0,Rita Carmo Martins,Rita,Carmo Martins,,VALID,"Walk in Progress (10,00 €)",2026-04-07 9:26:51,,,,,,,,,10,0.3,Carmo Martins Rita
977,335463,FALSE,Carmo Martins,Rita,,0,Rita Carmo Martins,Rita,Carmo Martins,,VALID,"Dolores - My!Laika (12,00 €)",2026-04-07 9:26:51,,,,,,,,,12,0.36,Carmo Martins Rita
978,335463,FALSE,Carmo Martins,Rita,,0,Rita Carmo martins,Rita,Carmo martins,,VALID,"Konvent Klub (10,00 €)",2026-04-07 9:26:51,,,,,,,,,10,0.3,Carmo Martins Rita
147,338316,FALSE,Carol,Ortega,,0,Barbi Eisele,Barbi,Eisele,,VALID,"Muovipussi + Schlaasss (10,00 €)",2026-04-15 17:37:55,,,,,,,,,10,0.3,Carol Ortega
197,338316,FALSE,Carol,Ortega,,0,Carol Ortega,Carol,Ortega,,VALID,"Muovipussi + Schlaasss (10,00 €)",2026-04-15 17:37:55,,,,,,,,,10,0.3,Carol Ortega
318,338316,FALSE,Carol,Ortega,,0,Elia Gran,Elia,Gran,,VALID,"Muovipussi + Schlaasss (10,00 €)",2026-04-15 17:37:55,,,,,,,,,10,0.3,Carol Ortega
184,337011,FALSE,Catalina,Ramon,,0,Carles Suarez,Carles,Suarez,carles.su@hotmail.com,VALID,"Adeus - Cia. Oltrenotte (12,00 €)",2026-04-11 14:49:01,,,,,,,,,12,0.36,Catalina Ramon
199,337011,FALSE,Catalina,Ramon,,0,Catalina Ramon,Catalina,Ramon,,VALID,"Perdón (unplugged) - Los'Informalls (12,00 €)",2026-04-11 14:49:01,,,,,,,,,12,0.36,Catalina Ramon
201,331681,FALSE,Catalina,Castillo Cardenas,,0,Catalina Castillo,Catalina,Castillo,cacastillo@fen.uchile.cl,VALID,"Abonament divendres 17/04 (30,00 €)",2026-03-20 10:25:21,,,,,,,,,30,0.9,Catalina Castillo Cardenas
202,337011,FALSE,Catalina,Ramon,,0,catalina ramon,catalina,ramon,catalinaramon30@hotmail.com,VALID,"Adeus - Cia. Oltrenotte (12,00 €)",2026-04-11 14:49:01,,,,,,,,,12,0.36,Catalina Ramon
532,337011,FALSE,Catalina,Ramon,,0,Judit Algue,Judit,Algue,,VALID,"Adeus - Cia. Oltrenotte (12,00 €)",2026-04-11 14:49:01,,,,,,,,,12,0.36,Catalina Ramon
533,337011,FALSE,Catalina,Ramon,,0,Judit Algue,Judit,Algue,,VALID,"Perdón (unplugged) - Los'Informalls (12,00 €)",2026-04-11 14:49:01,,,,,,,,,12,0.36,Catalina Ramon
208,337853,FALSE,Cecilia,Ghidotti,,0,Cecilia Ghidotti,Cecilia,Ghidotti,ghidotticecilia@gmail.com,VALID,"Abonament divendres 17/04 (30,00 €)",2026-04-13 22:53:34,,,,,,,,,30,0.9,Cecilia Ghidotti
204,334717,FALSE,Cecília,Sabadell,,0,Cecília Sabadell,Cecília,Sabadell,,VALID,"Abonament dissabte 11/04 (35,00 €)",2026-04-03 10:01:35,,,,,,,,,35,01.05,Cecília Sabadell
765,334717,FALSE,Cecília,Sabadell,,0,Marta Tarragona,Marta,Tarragona,,VALID,"Abonament dissabte 11/04 (35,00 €)",2026-04-03 10:01:35,,,,,,,,,35,01.05,Cecília Sabadell
211,329576,FALSE,Celia,Ortega Cerrillo,,0,CELIA ORTEGA CERRILLO,CELIA,ORTEGA CERRILLO,celiaortegacerrillo@gmail.com,VALID,"Abonament 2n cap de setmana (75,00 €)",2026-03-10 21:50:56,,,,,,,,,75,2.25,Celia Ortega Cerrillo
212,329601,FALSE,Celia,Ortega Cerrillo,,0,CELIA ORTEGA CERRILLO,CELIA,ORTEGA CERRILLO,celiaortegacerrillo@gmail.com,VALID,"Dinar popular + Esperit! (10,00 €)",2026-03-10 23:14:37,,,,,,,,,10,0.3,Celia Ortega Cerrillo
1087,329601,FALSE,Celia,Ortega Cerrillo,,0,Victor Verrier,Victor,Verrier,celiaortegacerrillo@gmail.com,VALID,"Dinar popular + Esperit! (10,00 €)",2026-03-10 23:14:37,,,,,,,,,10,0.3,Celia Ortega Cerrillo
1088,329576,FALSE,Celia,Ortega Cerrillo,,0,Victor Verrier Carpintero,Victor,Verrier Carpintero,celiaortegacerrillo@gmail.com,VALID,"Abonament 2n cap de setmana (75,00 €)",2026-03-10 21:50:56,,,,,,,,,75,2.25,Celia Ortega Cerrillo
257,336200,FALSE,Charbonneau,Elsa,,0,Charbonneau Elsa,Charbonneau,Elsa,elsa.charbono@orange.fr,VALID,"Abonament divendres 10/04 (15,00 €)",2026-04-09 15:51:03,,,,,,,,,15,0.45,Charbonneau Elsa
659,336200,FALSE,Charbonneau,Elsa,,0,Mahot Anouk,Mahot,Anouk,,VALID,"Abonament divendres 10/04 (15,00 €)",2026-04-09 15:51:03,,,,,,,,,15,0.45,Charbonneau Elsa
259,338384,FALSE,Christin,Warkentin,,0,Christin Warkentin,Christin,Warkentin,christin.warkentin@posteo.de,VALID,"Adeus - Cia. Oltrenotte (12,00 €)",2026-04-15 22:49:00,,,,,,,,,12,0.36,Christin Warkentin
260,339170,FALSE,Christin,Warkentin,,0,Christin Warkentin,Christin,Warkentin,christin.warkentin@posteo.de,VALID,"Kabaret Kontrast (10,00 €)",2026-04-18 17:24:30,,,,,,,,,10,0.3,Christin Warkentin
359,338678,FALSE,Christin,Warkentin,,0,Ewa Jupowiecka,Ewa,Jupowiecka,ewa.jupowiecka@gmail.com,VALID,"Adeus - Cia. Oltrenotte (12,00 €)",2026-04-17 10:35:25,,,,,,,,,12,0.36,Christin Warkentin
360,339170,FALSE,Christin,Warkentin,,0,Ewa Jupowiecka,Ewa,Jupowiecka,christin.warkentin@posteo.de,VALID,"Kabaret Kontrast (10,00 €)",2026-04-18 17:24:30,,,,,,,,,10,0.3,Christin Warkentin
43,335668,FALSE,Cinta,Pérez costero,,0,Alejandro Vilar Abad,Alejandro,Vilar Abad,alex9-7@hotmail.com,VALID,"Abonament dissabte 18/04 (excepte Escarlata) (35,00 €)",2026-04-07 21:40:12,,,,,,,,,35,01.05,Cinta Pérez costero
216,335668,FALSE,Cinta,Pérez costero,,0,Cinta Pérez Costero,Cinta,Pérez Costero,cintaperezcostero@gmail.com,VALID,"Abonament dissabte 18/04 (excepte Escarlata) (35,00 €)",2026-04-07 21:40:12,,,,,,,,,35,01.05,Cinta Pérez costero
96,334658,FALSE,Clara,Matas Vidal,,0,Anna Millet,Anna,Millet,claramatasvidal@gmail.com,VALID,"Dinar popular + Inutile Randonnée (10,00 €)",2026-04-02 20:51:28,,,,,,,,,10,0.3,Clara Matas Vidal
221,334963,FALSE,Clara,Aguilera Ribera,,0,Clara Aguilera Ribera,Clara,Aguilera Ribera,clara.aguilerar@gmail.com,VALID,"Chou chou ténèbres - SPPI (12,00 €)",2026-04-04 21:25:48,,,,,,,,,12,0.36,Clara Aguilera Ribera
222,334963,FALSE,Clara,Aguilera Ribera,,0,Clara Aguilera Ribera,Clara,Aguilera Ribera,clara.aguilerar@gmail.com,VALID,"Décrochez-moi ça - Bêtes de Foire (dv. 17/4) (12,00 €)",2026-04-04 21:25:48,,,,,,,,,12,0.36,Clara Aguilera Ribera
223,338724,FALSE,clara,serra,,0,clara casafont,clara,casafont,clara.serra1992@gmail.com,VALID,"Kabaret Kontrast (10,00 €)",2026-04-17 12:38:40,,,,,,,,,10,0.3,clara serra
225,339252,FALSE,Clara,Junca Arnaus,,0,Clara Junca Arnaus,Clara,Junca Arnaus,clarajuncaarnaus@gmail.com,VALID,"Kabaret Kontrast (10,00 €)",2026-04-18 23:22:33,,,,,,,,,10,0.3,Clara Junca Arnaus
227,334658,FALSE,Clara,Matas Vidal,,0,Clara Vidal,Clara,Vidal,claramatasvidal@gmail.com,VALID,"Abonament dissabte 11/04 (35,00 €)",2026-04-02 20:51:28,,,,,,,,,35,01.05,Clara Matas Vidal
228,334658,FALSE,Clara,Matas Vidal,,0,Clara Vidal,Clara,Vidal,claramatasvidal@gmail.com,VALID,"Dinar popular + Inutile Randonnée (10,00 €)",2026-04-02 20:51:28,,,,,,,,,10,0.3,Clara Matas Vidal
457,334963,FALSE,Clara,Aguilera Ribera,,0,Jan Pascual,Jan,Pascual,,VALID,"Chou chou ténèbres - SPPI (12,00 €)",2026-04-04 21:25:48,,,,,,,,,12,0.36,Clara Aguilera Ribera
458,334963,FALSE,Clara,Aguilera Ribera,,0,Jan Pascual,Jan,Pascual,,VALID,"Décrochez-moi ça - Bêtes de Foire (dv. 17/4) (12,00 €)",2026-04-04 21:25:48,,,,,,,,,12,0.36,Clara Aguilera Ribera
536,338724,FALSE,clara,serra,,0,JUDIT SOLÀ,JUDIT,SOLÀ,clara.serra1992@gmail.com,VALID,"Kabaret Kontrast (10,00 €)",2026-04-17 12:38:40,,,,,,,,,10,0.3,clara serra
770,338724,FALSE,clara,serra,,0,MARTI PADRISA,MARTI,PADRISA,Marti@padrisa.net,VALID,"Kabaret Kontrast (10,00 €)",2026-04-17 12:38:40,,,,,,,,,10,0.3,clara serra
817,334658,FALSE,Clara,Matas Vidal,,0,Mireia Teià,Mireia,Teià,claramatasvidal@gmail.com,VALID,"Dinar popular + Inutile Randonnée (10,00 €)",2026-04-02 20:51:28,,,,,,,,,10,0.3,Clara Matas Vidal
969,334658,FALSE,Clara,Matas Vidal,,0,Regi Gautschi,Regi,Gautschi,claramatasvidal@gmail.com,VALID,"Dinar popular + Inutile Randonnée (10,00 €)",2026-04-02 20:51:28,,,,,,,,,10,0.3,Clara Matas Vidal
1019,334963,FALSE,Clara,Aguilera Ribera,,0,Sara Digon,Sara,Digon,,VALID,"Chou chou ténèbres - SPPI (12,00 €)",2026-04-04 21:25:48,,,,,,,,,12,0.36,Clara Aguilera Ribera
1020,334963,FALSE,Clara,Aguilera Ribera,,0,Sara Digon,Sara,Digon,,VALID,"Décrochez-moi ça - Bêtes de Foire (dv. 17/4) (12,00 €)",2026-04-04 21:25:48,,,,,,,,,12,0.36,Clara Aguilera Ribera
229,338155,FALSE,Claudia,Torrents,,0,Claudia Torrents Insense,Claudia,Torrents Insense,claudiaursulat@gmail.com,VALID,"Perera Elsewhere + Rafush (10,00 €)",2026-04-15 0:03:50,,,,,,,,,10,0.3,Claudia Torrents
230,338155,FALSE,Claudia,Torrents,,0,Claudia Torrents Insensé,Claudia,Torrents Insensé,claudiaursulat@gmail.com,VALID,"Perera Elsewhere + Rafush (10,00 €)",2026-04-15 0:03:50,,,,,,,,,10,0.3,Claudia Torrents
231,338155,FALSE,Claudia,Torrents,,0,Claudia Torrents Insense,Claudia,Torrents Insense,claudiaursulat@gmail.com,VALID,"Perera Elsewhere + Rafush (10,00 €)",2026-04-15 0:03:50,,,,,,,,,10,0.3,Claudia Torrents
235,338215,FALSE,claudia,garcia reyes,,0,Claudia GArcía,Claudia,GArcía,claudiaclo123@gmail.com,VALID,"Kabaret Kontrast (10,00 €)",2026-04-15 12:37:30,,,,,,,,,10,0.3,claudia garcia reyes
236,338215,FALSE,claudia,garcia reyes,,0,Claudia García,Claudia,García,claudiaclo123@gmail.com,VALID,"Dinar popular + Esperit! (10,00 €)",2026-04-15 12:37:30,,,,,,,,,10,0.3,claudia garcia reyes
237,338155,FALSE,Claudia,Torrents,,0,Claudia Torrents Insense,Claudia,Torrents Insense,claudiaursulat@gmail.com,VALID,"Perera Elsewhere + Rafush (10,00 €)",2026-04-15 0:03:50,,,,,,,,,10,0.3,Claudia Torrents
238,338157,FALSE,Claudia,Torrents,,0,Claudia Torrents Insense,Claudia,Torrents Insense,claudiaursulat@gmail.com,VALID,"Décrochez-moi ça - Bêtes de Foire (ds. 18/4) (12,00 €)",2026-04-15 0:13:18,,,,,,,,,12,0.36,Claudia Torrents
239,338157,FALSE,Claudia,Torrents,,0,Claudia Torrents Insense,Claudia,Torrents Insense,claudiaursulat@gmail.com,VALID,"Décrochez-moi ça - Bêtes de Foire (ds. 18/4) (12,00 €)",2026-04-15 0:13:18,,,,,,,,,12,0.36,Claudia Torrents
240,338157,FALSE,Claudia,Torrents,,0,Claudia Torrents Insense,Claudia,Torrents Insense,claudiaursulat@gmail.com,VALID,"Décrochez-moi ça - Bêtes de Foire (ds. 18/4) (12,00 €)",2026-04-15 0:13:18,,,,,,,,,12,0.36,Claudia Torrents
241,338157,FALSE,Claudia,Torrents,,0,Claudia Torrents Insense,Claudia,Torrents Insense,claudiaursulat@gmail.com,VALID,"Décrochez-moi ça - Bêtes de Foire (ds. 18/4) (12,00 €)",2026-04-15 0:13:18,,,,,,,,,12,0.36,Claudia Torrents
339,338215,FALSE,claudia,garcia reyes,,0,Eneritz Tejada,Eneritz,Tejada,claudiaclo123@gmail.com,VALID,"Kabaret Kontrast (10,00 €)",2026-04-15 12:37:30,,,,,,,,,10,0.3,claudia garcia reyes
340,338215,FALSE,claudia,garcia reyes,,0,Eneritz Tejada,Eneritz,Tejada,claudiaclo123@gmail.com,VALID,"Dinar popular + Esperit! (10,00 €)",2026-04-15 12:37:30,,,,,,,,,10,0.3,claudia garcia reyes
407,338215,FALSE,claudia,garcia reyes,,0,Georgios Chrysanthidis,Georgios,Chrysanthidis,claudiaclo123@gmail.com,VALID,"Kabaret Kontrast (10,00 €)",2026-04-15 12:37:30,,,,,,,,,10,0.3,claudia garcia reyes
408,338215,FALSE,claudia,garcia reyes,,0,Georgios Chrysanthidis,Georgios,Chrysanthidis,claudiaclo123@gmail.com,VALID,"Dinar popular + Esperit! (10,00 €)",2026-04-15 12:37:30,,,,,,,,,10,0.3,claudia garcia reyes
937,338215,FALSE,claudia,garcia reyes,,0,Pilar García,Pilar,García,claudiaclo123@gmail.com,VALID,"Kabaret Kontrast (10,00 €)",2026-04-15 12:37:30,,,,,,,,,10,0.3,claudia garcia reyes
943,338215,FALSE,claudia,garcia reyes,,0,Pilar García,Pilar,García,claudiaclo123@gmail.com,VALID,"Dinar popular + Esperit! (10,00 €)",2026-04-15 12:37:30,,,,,,,,,10,0.3,claudia garcia reyes
242,339135,FALSE,Claudio,Iasilli,,0,Claudio Iasilli,Claudio,Iasilli,claudio.ontheroad@gmail.com,VALID,"Kabaret Kontrast (10,00 €)",2026-04-18 16:05:36,,,,,,,,,10,0.3,Claudio Iasilli
243,338907,FALSE,Claudio,Iasilli,,0,Claudio Iasilli,Claudio,Iasilli,claudio.ontheroad@gmail.com,VALID,"Adeus - Cia. Oltrenotte (12,00 €)",2026-04-17 21:05:32,,,,,,,,,12,0.36,Claudio Iasilli
244,336634,FALSE,Clementine,Telesfort,,0,Clémentine Telesfort,Clémentine,Telesfort,telesfort.clementine@yahoo.fr,VALID,"Décrochez-moi ça - Bêtes de Foire (dv. 10/4) (12,00 €)",2026-04-10 17:27:02,,,,,,,,,12,0.36,Clementine Telesfort
245,336634,FALSE,Clementine,Telesfort,,0,Clementine Telesfort,Clementine,Telesfort,,VALID,"ERREURJEAN + Compost Collaps (10,00 €)",2026-04-10 17:27:02,,,,,,,,,10,0.3,Clementine Telesfort
939,336634,FALSE,Clementine,Telesfort,,0,Pilar Caton,Pilar,Caton,conyroca@gmail.com,VALID,"ERREURJEAN + Compost Collaps (10,00 €)",2026-04-10 17:27:02,,,,,,,,,10,0.3,Clementine Telesfort
217,337201,FALSE,Coline,Auroy,,0,Claire Alfaya,Claire,Alfaya,colineauroy@gmail.com,VALID,"Abonament diumenge 12/04 (30,00 €)",2026-04-11 21:21:46,,,,,,,,,30,0.9,Coline Auroy
246,337201,FALSE,Coline,Auroy,,0,coline auroy,coline,auroy,colineauroy@gmail.com,VALID,"Abonament diumenge 12/04 (30,00 €)",2026-04-11 21:21:46,,,,,,,,,30,0.9,Coline Auroy
249,337193,FALSE,cristian,lopez santos,,0,cristian lopez,cristian,lopez,acrobaciaentela@gmail.com,VALID,"Rubbish Rabbit - Tony Clifton (12,00 €)",2026-04-11 21:09:56,,,,,,,,,12,0.36,cristian lopez santos
250,335314,FALSE,CRISTIAN,GRACIA,,0,Cristian GRACIA,Cristian,GRACIA,cristianogp@hotmail.com,VALID,"Abonament dissabte 18/04 (excepte Escarlata) (35,00 €)",2026-04-06 16:49:00,,,,,,,,,35,01.05,CRISTIAN GRACIA
344,337193,FALSE,cristian,lopez santos,,0,esteban Vicchietti,esteban,Vicchietti,,VALID,"Rubbish Rabbit - Tony Clifton (12,00 €)",2026-04-11 21:09:56,,,,,,,,,12,0.36,cristian lopez santos
650,335314,FALSE,CRISTIAN,GRACIA,,0,M I L O S L L U R B A,M I L O S,L L U R B A,milos.llurba@gmail.com,VALID,"Abonament dissabte 18/04 (excepte Escarlata) (35,00 €)",2026-04-06 16:49:00,,,,,,,,,35,01.05,CRISTIAN GRACIA
194,334046,FALSE,Cristina,Spada,,0,Carmen Zanetto,Carmen,Zanetto,,VALID,"Abonament dissabte 11/04 (20,00 €)",2026-03-30 23:11:10,,,,,,,,,20,0.6,Cristina Spada
251,339191,FALSE,Cristina,Ballus,,0,Cristina Ballus,Cristina,Ballus,cristinaballus@gmail.com,VALID,"Dinar popular + Esperit! (10,00 €)",2026-04-18 18:29:10,,,,,,,,,10,0.3,Cristina Ballus
252,334046,FALSE,Cristina,Spada,,0,Cristina Spada,Cristina,Spada,cristinaspada03@gmail.com,VALID,"Abonament dissabte 11/04 (20,00 €)",2026-03-30 23:11:10,,,,,,,,,20,0.6,Cristina Spada
253,333878,FALSE,Cristina,Ballus,,0,Cristina Ballus,Cristina,Ballus,cristinaballus@gmail.com,VALID,"Abonament dissabte 18/04 (excepte Escarlata) (35,00 €)",2026-03-30 6:56:51,,,,,,,,,35,01.05,Cristina Ballus
691,334046,FALSE,Cristina,Spada,,0,Marco Zanetto,Marco,Zanetto,,VALID,"Abonament dissabte 11/04 (20,00 €)",2026-03-30 23:11:10,,,,,,,,,20,0.6,Cristina Spada
936,334046,FALSE,Cristina,Spada,,0,Pietro Zanetto,Pietro,Zanetto,,VALID,"Abonament dissabte 11/04 (20,00 €)",2026-03-30 23:11:10,,,,,,,,,20,0.6,Cristina Spada
580,334494,FALSE,Dani,Casanovas,,0,Laura Bouix-Fille,Laura,Bouix-Fille,laurabouixfille@gmail.com,VALID,"Abonament dissabte 11/04 (35,00 €)",2026-04-01 20:36:02,,,,,,,,,35,01.05,Dani Casanovas
266,335084,FALSE,Danny,Tavori,,0,DANNY TAVORI,DANNY,TAVORI,dannytavori@gmail.com,VALID,"Abonament divendres 10/04 (15,00 €)",2026-04-05 16:33:07,,,,,,,,,15,0.45,Danny Tavori
267,335084,FALSE,Danny,Tavori,,0,DANNY TAVORI,DANNY,TAVORI,dannytavori@gmail.com,VALID,"Abonament dissabte 11/04 (35,00 €)",2026-04-05 16:33:07,,,,,,,,,35,01.05,Danny Tavori
268,338504,FALSE,Daphne,Kamp,,0,Daphne Kamp,Daphne,Kamp,,VALID,"Abonament dijous 16/04 (20,00 €)",2026-04-16 15:53:04,,,,,,,,,20,0.6,Daphne Kamp
269,338504,FALSE,Daphne,Kamp,,0,Daphne Kamp,Daphne,Kamp,,VALID,"Abonament divendres 17/04 (30,00 €)",2026-04-16 15:53:04,,,,,,,,,30,0.9,Daphne Kamp
381,338504,FALSE,Daphne,Kamp,,0,Fokke Roosendaal,Fokke,Roosendaal,,VALID,"Abonament dijous 16/04 (20,00 €)",2026-04-16 15:53:04,,,,,,,,,20,0.6,Daphne Kamp
382,338504,FALSE,Daphne,Kamp,,0,Fokke Roosendaal,Fokke,Roosendaal,,VALID,"Abonament divendres 17/04 (30,00 €)",2026-04-16 15:53:04,,,,,,,,,30,0.9,Daphne Kamp
274,337584,FALSE,David,Soriano Tache,,0,David Soriano Taché,David,Soriano Taché,d.sorianotache@gmail.com,VALID,"Perdón (unplugged) - Los'Informalls (12,00 €)",2026-04-13 10:17:41,,,,,,,,,12,0.36,David Soriano Tache
275,329696,FALSE,DAVID,HERNANDEZ MOLINA,,0,DAVID HERNANDEZ MOLINA,DAVID,HERNANDEZ MOLINA,dhmlgs@yajoo.com,VALID,"Abonament divendres 10/04 (15,00 €)",2026-03-11 12:37:18,,,,,,,,,15,0.45,DAVID HERNANDEZ MOLINA
277,335129,FALSE,David,RIBAS FARGAS,,0,David RIBAS FARGAS,David,RIBAS FARGAS,davidrrff@gmail.com,VALID,"Abonament divendres 17/04 (30,00 €)",2026-04-05 20:17:11,,,,,,,,,30,0.9,David RIBAS FARGAS
459,337584,FALSE,David,Soriano Tache,,0,Jara Esbert Perez,Jara,Esbert Perez,,VALID,"Perdón (unplugged) - Los'Informalls (12,00 €)",2026-04-13 10:17:41,,,,,,,,,12,0.36,David Soriano Tache
576,329696,FALSE,DAVID,HERNANDEZ MOLINA,,0,LAURA PORQUERES ROMA,LAURA,PORQUERES ROMA,laure.lawape@gmail.com,VALID,"Abonament divendres 10/04 (15,00 €)",2026-03-11 12:37:18,,,,,,,,,15,0.45,DAVID HERNANDEZ MOLINA
281,337442,FALSE,Delia,Ceruti,,0,Delia Ceruti,Delia,Ceruti,deliucciauk@gmail.com,VALID,"Décrochez-moi ça - Bêtes de Foire (dg. 12/4) (12,00 €)",2026-04-12 17:29:40,,,,,,,,,12,0.36,Delia Ceruti
282,337442,FALSE,Delia,Ceruti,,0,Delia Ceruti,Delia,Ceruti,deliucciauk@gmail.com,VALID,"CRU LAB (10,00 €)",2026-04-12 17:29:40,,,,,,,,,10,0.3,Delia Ceruti
283,337946,FALSE,Denise,Wolff,,0,Denise Wolff,Denise,Wolff,wolffdenise6@gmail.com,VALID,"Abonament dijous 16/04 (20,00 €)",2026-04-14 11:54:08,,,,,,,,,20,0.6,Denise Wolff
284,338729,FALSE,Denise,Wolff,,0,Denise Wolff,Denise,Wolff,wolffdenise6@gmail.com,VALID,"Perdón (unplugged) - Los'Informalls (12,00 €)",2026-04-17 12:46:30,,,,,,,,,12,0.36,Denise Wolff
285,338729,FALSE,Denise,Wolff,,0,Denise Wolff,Denise,Wolff,wolffdenise6@gmail.com,VALID,"Perera Elsewhere + Rafush (10,00 €)",2026-04-17 12:46:30,,,,,,,,,10,0.3,Denise Wolff
288,329580,FALSE,Diana,Nieto Diez,,0,Diana Nieto Diez,Diana,Nieto Diez,dnietodiez@gmail.com,VALID,"Abonament 2n cap de setmana (75,00 €)",2026-03-10 21:56:56,,,,,,,,,75,2.25,Diana Nieto Diez
289,329607,FALSE,Diana,Nieto Diez,,0,Diana Nieto Diez,Diana,Nieto Diez,dnietodiez@gmail.com,VALID,"Dinar popular + Esperit! (10,00 €)",2026-03-10 23:54:00,,,,,,,,,10,0.3,Diana Nieto Diez
258,338327,FALSE,Do,Verschragen,,0,Chiva Bons,Chiva,Bons,chiva@circusbende.nl,VALID,"Chou chou ténèbres - SPPI (12,00 €)",2026-04-15 18:57:10,,,,,,,,,12,0.36,Do Verschragen
293,338327,FALSE,Do,Verschragen,,0,Do Verschragen,Do,Verschragen,do@circusbende.nl,VALID,"Chou chou ténèbres - SPPI (12,00 €)",2026-04-15 18:57:10,,,,,,,,,12,0.36,Do Verschragen
296,336574,FALSE,Dolors,Clotet,,0,Dolors Clotet,Dolors,Clotet,,VALID,"Décrochez-moi ça - Bêtes de Foire (dv. 10/4) (12,00 €)",2026-04-10 15:17:43,,,,,,,,,12,0.36,Dolors Clotet
415,336574,FALSE,Dolors,Clotet,,0,Glòria Fígols,Glòria,Fígols,,VALID,"Décrochez-moi ça - Bêtes de Foire (dv. 10/4) (12,00 €)",2026-04-10 15:17:43,,,,,,,,,12,0.36,Dolors Clotet
297,338814,FALSE,Dorota,Drozdek,,0,Dorota Drozdek,Dorota,Drozdek,dodkastokrotka@gmail.com,VALID,"Décrochez-moi ça - Bêtes de Foire (dv. 17/4) (12,00 €)",2026-04-17 17:05:31,,,,,,,,,12,0.36,Dorota Drozdek
900,338814,FALSE,Dorota,Drozdek,,0,Oscar Tirados,Oscar,Tirados,dodkastokrotka@gmail.com,VALID,"Décrochez-moi ça - Bêtes de Foire (dv. 17/4) (12,00 €)",2026-04-17 17:05:31,,,,,,,,,12,0.36,Dorota Drozdek
300,335952,FALSE,Edi,Gonzalez,,0,Edi Gonzalez,Edi,Gonzalez,,VALID,"Abonament diumenge 19/4 (excepte The Sinner) (25,00 €)",2026-04-08 22:05:51,,,,,,,,,25,0.75,Edi Gonzalez
301,335952,FALSE,Edi,Gonzalez,,0,Edi Gonzalez,Edi,Gonzalez,,VALID,"Décrochez-moi ça - Bêtes de Foire (dv. 10/4) (12,00 €)",2026-04-08 22:05:51,,,,,,,,,12,0.36,Edi Gonzalez
302,335952,FALSE,Edi,Gonzalez,,0,Edi Gonzalez,Edi,Gonzalez,,VALID,"Eclipse - Léo Rousselet (12,00 €)",2026-04-08 22:05:51,,,,,,,,,12,0.36,Edi Gonzalez
313,335952,FALSE,Edi,Gonzalez,,0,Eli Negre,Eli,Negre,,VALID,"Abonament diumenge 19/4 (excepte The Sinner) (25,00 €)",2026-04-08 22:05:51,,,,,,,,,25,0.75,Edi Gonzalez
314,335952,FALSE,Edi,Gonzalez,,0,Eli Negre,Eli,Negre,,VALID,"Décrochez-moi ça - Bêtes de Foire (dv. 10/4) (12,00 €)",2026-04-08 22:05:51,,,,,,,,,12,0.36,Edi Gonzalez
315,335952,FALSE,Edi,Gonzalez,,0,Eli Negre,Eli,Negre,,VALID,"Eclipse - Léo Rousselet (12,00 €)",2026-04-08 22:05:51,,,,,,,,,12,0.36,Edi Gonzalez
305,337419,FALSE,Eduard,Subirana Parramon,,0,Eduard Subirana Parramon,Eduard,Subirana Parramon,,VALID,"Décrochez-moi ça - Bêtes de Foire (dg. 12/4) (12,00 €)",2026-04-12 16:47:37,,,,,,,,,12,0.36,Eduard Subirana Parramon
568,337419,FALSE,Eduard,Subirana Parramon,,0,Laia Pont Diez,Laia,Pont Diez,,VALID,"Décrochez-moi ça - Bêtes de Foire (dg. 12/4) (12,00 €)",2026-04-12 16:47:37,,,,,,,,,12,0.36,Eduard Subirana Parramon
148,336356,FALSE,Elia,Gran,,0,Barbie Eisele,Barbie,Eisele,eliagran@gmail.com,VALID,"Décrochez-moi ça - Bêtes de Foire (ds. 18/4) (12,00 €)",2026-04-09 22:40:52,,,,,,,,,12,0.36,Elia Gran
196,336356,FALSE,Elia,Gran,,0,Carol Ortega,Carol,Ortega,eliagran@gmail.com,VALID,"Décrochez-moi ça - Bêtes de Foire (ds. 18/4) (12,00 €)",2026-04-09 22:40:52,,,,,,,,,12,0.36,Elia Gran
317,336356,FALSE,Elia,Gran,,0,Elia Gran,Elia,Gran,eliagran@gmail.com,VALID,"Décrochez-moi ça - Bêtes de Foire (ds. 18/4) (12,00 €)",2026-04-09 22:40:52,,,,,,,,,12,0.36,Elia Gran
321,338740,FALSE,Elio,Bortoluzzi,,0,Elio Bortoluzzi,Elio,Bortoluzzi,elius.bo@gmail.com,VALID,"Décrochez-moi ça - Bêtes de Foire (dv. 17/4) (12,00 €)",2026-04-17 13:43:23,,,,,,,,,12,0.36,Elio Bortoluzzi
322,338740,FALSE,Elio,Bortoluzzi,,0,Elio Bortoluzzi,Elio,Bortoluzzi,elius.bo@gmail.com,VALID,"Muovipussi + Schlaasss (10,00 €)",2026-04-17 13:43:23,,,,,,,,,10,0.3,Elio Bortoluzzi
16,338505,FALSE,Elisabet,E E,,0,Aina Solergibert,Aina,Solergibert,calrosal@hotmail.com,VALID,"Décrochez-moi ça - Bêtes de Foire (dv. 17/4) (8,00 €)",2026-04-16 15:58:19,,,,,,,,,8,0.24,Elisabet E E
172,338202,FALSE,Elisabet,E E,,0,Bruna Casas,Bruna,Casas,calrosal@hotmail.com,VALID,"Décrochez-moi ça - Bêtes de Foire (dv. 17/4) (8,00 €)",2026-04-15 11:33:02,,,,,,,,,8,0.24,Elisabet E E
325,338202,FALSE,Elisabet,E E,,0,Elisabet Casas,Elisabet,Casas,calrosal@hotmail.com,VALID,"Décrochez-moi ça - Bêtes de Foire (dv. 17/4) (8,00 €)",2026-04-15 11:33:02,,,,,,,,,8,0.24,Elisabet E E
714,338505,FALSE,Elisabet,E E,,0,Maria Solergibert,Maria,Solergibert,calrosal@hotmail.com,VALID,"Décrochez-moi ça - Bêtes de Foire (dv. 17/4) (8,00 €)",2026-04-16 15:58:19,,,,,,,,,8,0.24,Elisabet E E
840,338505,FALSE,Elisabet,E E,,0,Montse Jané,Montse,Jané,calrosal@hotmail.com,VALID,"Décrochez-moi ça - Bêtes de Foire (dv. 17/4) (8,00 €)",2026-04-16 15:58:19,,,,,,,,,8,0.24,Elisabet E E
329,335610,FALSE,Elise,Reine,,0,Elise Reine,Elise,Reine,elisebjerkelundreine@hotmail.com,VALID,"Abonament divendres 10/04 (15,00 €)",2026-04-07 19:13:42,,,,,,,,,15,0.45,Elise Reine
330,334504,FALSE,Eloisa,Prat,,0,Eloisa Prat,Eloisa,Prat,eloprat@gmail.com,VALID,"Abonament dissabte 18/04 (excepte Escarlata) (35,00 €)",2026-04-01 22:09:12,,,,,,,,,35,01.05,Eloisa Prat
331,335001,FALSE,Eloisa,Prat,,0,Eloisa Prat,Eloisa,Prat,eloprat@gmail.com,VALID,"Ròdols i Cirgons - Escarlata (18.00h) (12,00 €)",2026-04-05 0:20:56,,,,,,,,,12,0.36,Eloisa Prat
141,338808,FALSE,Elvis,Doussin,,0,Barbara Bort,Barbara,Bort,,VALID,"Adeus - Cia. Oltrenotte (12,00 €)",2026-04-17 16:42:00,,,,,,,,,12,0.36,Elvis Doussin
332,338802,FALSE,Elvis,Doussin,,0,Elvis Doussin,Elvis,Doussin,doussinlucile@gmail.com,VALID,"Adeus - Cia. Oltrenotte (12,00 €)",2026-04-17 16:23:39,,,,,,,,,12,0.36,Elvis Doussin
416,338808,FALSE,Elvis,Doussin,,0,Gloria Puigdomènech,Gloria,Puigdomènech,,VALID,"Adeus - Cia. Oltrenotte (12,00 €)",2026-04-17 16:42:00,,,,,,,,,12,0.36,Elvis Doussin
336,337461,FALSE,Eneida,Alaiz Chueca,,0,Eneida Alaiz,Eneida,Alaiz,,VALID,"Adeus - Cia. Oltrenotte (12,00 €)",2026-04-12 18:11:02,,,,,,,,,12,0.36,Eneida Alaiz Chueca
562,337461,FALSE,Eneida,Alaiz Chueca,,0,Kim Reixach,Kim,Reixach,,VALID,"Adeus - Cia. Oltrenotte (12,00 €)",2026-04-12 18:11:02,,,,,,,,,12,0.36,Eneida Alaiz Chueca
233,338116,FALSE,Eneritz,Tejada,,0,Claudia García,Claudia,García,,VALID,"Décrochez-moi ça - Bêtes de Foire (ds. 18/4) (12,00 €)",2026-04-14 22:07:13,,,,,,,,,12,0.36,Eneritz Tejada
234,338121,FALSE,Eneritz,Tejada,,0,Claudia Garcia,Claudia,Garcia,,VALID,"Perera Elsewhere + Rafush (10,00 €)",2026-04-14 22:12:32,,,,,,,,,10,0.3,Eneritz Tejada
337,338116,FALSE,Eneritz,Tejada,,0,Eneritz Tejada,Eneritz,Tejada,eneritz_ose@hotmail.com,VALID,"Décrochez-moi ça - Bêtes de Foire (ds. 18/4) (12,00 €)",2026-04-14 22:07:13,,,,,,,,,12,0.36,Eneritz Tejada
338,338121,FALSE,Eneritz,Tejada,,0,Eneritz Tejada,Eneritz,Tejada,eneritz_ose@hotmail.com,VALID,"Perera Elsewhere + Rafush (10,00 €)",2026-04-14 22:12:32,,,,,,,,,10,0.3,Eneritz Tejada
405,338116,FALSE,Eneritz,Tejada,,0,Georgios Chrysanthidis,Georgios,Chrysanthidis,,VALID,"Décrochez-moi ça - Bêtes de Foire (ds. 18/4) (12,00 €)",2026-04-14 22:07:13,,,,,,,,,12,0.36,Eneritz Tejada
406,338121,FALSE,Eneritz,Tejada,,0,Georgios Chrysanthidis,Georgios,Chrysanthidis,,VALID,"Perera Elsewhere + Rafush (10,00 €)",2026-04-14 22:12:32,,,,,,,,,10,0.3,Eneritz Tejada
941,338116,FALSE,Eneritz,Tejada,,0,Pilar Garcia,Pilar,Garcia,,VALID,"Décrochez-moi ça - Bêtes de Foire (ds. 18/4) (12,00 €)",2026-04-14 22:07:13,,,,,,,,,12,0.36,Eneritz Tejada
942,338121,FALSE,Eneritz,Tejada,,0,Pilar Garcia,Pilar,Garcia,,VALID,"Perera Elsewhere + Rafush (10,00 €)",2026-04-14 22:12:32,,,,,,,,,10,0.3,Eneritz Tejada
347,337396,FALSE,esthersb_85@hotmail.com,Simón,,0,Esther Simon,Esther,Simon,esthersb_85@hotmail.com,VALID,"Décrochez-moi ça - Bêtes de Foire (dg. 12/4) (12,00 €)",2026-04-12 15:41:53,,,,,,,,,12,0.36,esthersb_85@hotmail.com Simón
913,337396,FALSE,esthersb_85@hotmail.com,Simón,,0,Pau Auge,Pau,Auge,esthersb_85@hotmail.com,VALID,"Décrochez-moi ça - Bêtes de Foire (dg. 12/4) (12,00 €)",2026-04-12 15:41:53,,,,,,,,,12,0.36,esthersb_85@hotmail.com Simón
264,331441,FALSE,Eva,Basi,,0,Dani Masso,Dani,Masso,eva_rodriguez_basi@hotmail.com,VALID,"Abonament dissabte 18/04 (excepte Escarlata) (35,00 €)",2026-03-19 13:16:32,,,,,,,,,35,01.05,Eva Basi
270,338296,FALSE,eva,Teixidor,,0,David Sitjes,David,Sitjes,saladateixidor@hotmail.es,VALID,"Kabaret Kontrast (10,00 €)",2026-04-15 16:18:53,,,,,,,,,10,0.3,eva Teixidor
273,336191,FALSE,eva,Teixidor,,0,David Sitjes Bertran,David,Sitjes Bertran,saladateixidor@hotmail.es,VALID,"Décrochez-moi ça - Bêtes de Foire (dg. 12/4) (12,00 €)",2026-04-09 15:31:33,,,,,,,,,12,0.36,eva Teixidor
348,331441,FALSE,Eva,Basi,,0,Eva Basi,Eva,Basi,eva_rodriguez_basi@hotmail.com,VALID,"Abonament dissabte 18/04 (excepte Escarlata) (35,00 €)",2026-03-19 13:16:32,,,,,,,,,35,01.05,Eva Basi
352,337756,FALSE,Eva,Noguer,,0,Eva Noguer,Eva,Noguer,mademoiselleva@gmail.com,VALID,"Décrochez-moi ça - Bêtes de Foire (ds. 18/4) (12,00 €)",2026-04-13 17:43:04,,,,,,,,,12,0.36,Eva Noguer
353,337756,FALSE,Eva,Noguer,,0,Eva Noguer,Eva,Noguer,mademoiselleva@gmail.com,VALID,"Perdón (unplugged) - Los'Informalls (12,00 €)",2026-04-13 17:43:04,,,,,,,,,12,0.36,Eva Noguer
354,336191,FALSE,eva,Teixidor,,0,Eva Teixidor Carol,Eva,Teixidor Carol,saladateixidor@hotmail.es,VALID,"Décrochez-moi ça - Bêtes de Foire (dg. 12/4) (12,00 €)",2026-04-09 15:31:33,,,,,,,,,12,0.36,eva Teixidor
355,336322,FALSE,eva,Teixidor,,0,Eva Teixidor Carol,Eva,Teixidor Carol,saladateixidor@hotmail.es,VALID,"Kabaret Kontrast (10,00 €)",2026-04-09 21:23:00,,,,,,,,,10,0.3,eva Teixidor
442,331441,FALSE,Eva,Basi,,0,Irina Marti,Irina,Marti,irinamarticarreres@gmail.com,VALID,"Abonament dissabte 18/04 (excepte Escarlata) (35,00 €)",2026-03-19 13:16:32,,,,,,,,,35,01.05,Eva Basi
531,336322,FALSE,eva,Teixidor,,0,Judit Torrentaller,Judit,Torrentaller,saladateixidor@hotmail.es,VALID,"Kabaret Kontrast (10,00 €)",2026-04-09 21:23:00,,,,,,,,,10,0.3,eva Teixidor
771,331441,FALSE,Eva,Basi,,0,Marti Roca,Marti,Roca,martirocab@gmail.com,VALID,"Abonament dissabte 18/04 (excepte Escarlata) (35,00 €)",2026-03-19 13:16:32,,,,,,,,,35,01.05,Eva Basi
1076,338748,FALSE,eva,Teixidor,,0,Torrentaller Judit,Torrentaller,Judit,saladateixidor@hotmail.es,VALID,"Kabaret Kontrast (10,00 €)",2026-04-17 14:21:59,,,,,,,,,10,0.3,eva Teixidor
356,336167,FALSE,Evan,Marks,,0,Evan Netherton,Evan,Netherton,yarmarks@gmail.com,VALID,"Abonament 2n cap de setmana (75,00 €)",2026-04-09 14:44:25,,,,,,,,,75,2.25,Evan Marks
362,338719,FALSE,Fabrizio,Adamo,,0,Fabrizio Adamo,Fabrizio,Adamo,fabrizio_adamo@hotmail.com,VALID,"Décrochez-moi ça - Bêtes de Foire (dv. 17/4) (12,00 €)",2026-04-17 12:25:58,,,,,,,,,12,0.36,Fabrizio Adamo
1075,338976,FALSE,Facundo,Ariel,,0,toni rodriguez,toni,rodriguez,tonirodri.t@gmail.com,VALID,"Adeus - Cia. Oltrenotte (12,00 €)",2026-04-18 0:30:57,,,,,,,,,12,0.36,Facundo Ariel
367,335057,FALSE,favier,fernando,,0,fernando daoh,fernando,daoh,,VALID,"Abonament 1r cap de setmana (60,00 €)",2026-04-05 13:19:32,,,,,,,,,60,1.8,favier fernando
363,335608,FALSE,fernanda,aleman,,0,fernanda aleman,fernanda,aleman,falemanmusic@gmail.com,VALID,"ROSE BIF - Sarah Anglada (12,00 €)",2026-04-07 19:18:50,,,,,,,,,12,0.36,fernanda aleman
364,335608,FALSE,fernanda,aleman,,0,fernanda aleman,fernanda,aleman,falemanmusic@gmail.com,VALID,"Konvent Klub (10,00 €)",2026-04-07 19:18:50,,,,,,,,,10,0.3,fernanda aleman
365,333532,FALSE,Fernandez,Christine,,0,Fernandez Christine,Fernandez,Christine,les2lf66@outlook.fr,VALID,"Abonament dissabte 18/04 (excepte Escarlata) (35,00 €)",2026-03-27 18:44:45,,,,,,,,,35,01.05,Fernandez Christine
366,333532,FALSE,Fernandez,Christine,,0,Fernandez Christine,Fernandez,Christine,les2lf66@outlook.fr,VALID,"Abonament divendres 17/04 (30,00 €)",2026-03-27 18:44:45,,,,,,,,,30,0.9,Fernandez Christine
95,330242,FALSE,Ferran,Ginestà,,0,Anna Ginestà Farriol,Anna,Ginestà Farriol,ferran.ginesta@gmail.com,VALID,"Abonament 1r cap de setmana (60,00 €)",2026-03-13 17:34:24,,,,,,,,,60,01.08,Ferran Ginestà
219,330057,FALSE,Ferran,Ginestà,,0,Clara Farriol Valette,Clara,Farriol Valette,ferran.ginesta@gmail.com,VALID,"Abonament 1r cap de setmana (60,00 €)",2026-03-12 23:00:20,,,,,,,,,60,1.8,Ferran Ginestà
370,330057,FALSE,Ferran,Ginestà,,0,Ferran Ginestà Vila,Ferran,Ginestà Vila,ferran.ginesta@gmail.com,VALID,"Abonament 1r cap de setmana (60,00 €)",2026-03-12 23:00:20,,,,,,,,,60,1.8,Ferran Ginestà
371,339079,FALSE,Ferran,Vancell,,0,Ferran Vancell,Ferran,Vancell,fvancellg@gmail.com,VALID,"Perera Elsewhere + Rafush (10,00 €)",2026-04-18 13:36:16,,,,,,,,,10,0.3,Ferran Vancell
879,330057,FALSE,Ferran,Ginestà,,0,Núria Ginestà Farriol,Núria,Ginestà Farriol,ferran.ginesta@gmail.com,VALID,"Abonament dissabte 11/04 (35,00 €)",2026-03-12 23:00:20,,,,,,,,,35,01.05,Ferran Ginestà
374,332107,FALSE,Fina,Orriols,,0,Fina Orriols,Fina,Orriols,forriols@gmail.com,VALID,"CRU LAB (10,00 €)",2026-03-22 9:04:16,,,,,,,,,10,0.3,Fina Orriols
375,332107,FALSE,Fina,Orriols,,0,Fina Orriols,Fina,Orriols,forriols@gmail.com,VALID,"Adeus - Cia. Oltrenotte (12,00 €)",2026-03-22 9:04:16,,,,,,,,,12,0.36,Fina Orriols
376,332107,FALSE,Fina,Orriols,,0,Fina Orriols,Fina,Orriols,forriols@gmail.com,VALID,"Kabaret Kontrast (10,00 €)",2026-03-22 9:04:16,,,,,,,,,10,0.3,Fina Orriols
384,338933,FALSE,franc,Serra Sala,,0,Franc Serra Sala,Franc,Serra Sala,francserrasala@gmail.com,VALID,"Muovipussi + Schlaasss (10,00 €)",2026-04-17 21:59:57,,,,,,,,,10,0.3,franc Serra Sala
385,338933,FALSE,franc,Serra Sala,,0,Franc Serra Sala,Franc,Serra Sala,francserrasala@gmail.com,VALID,"Muovipussi + Schlaasss (10,00 €)",2026-04-17 21:59:57,,,,,,,,,10,0.3,franc Serra Sala
386,338933,FALSE,franc,Serra Sala,,0,Franc Serra Sala,Franc,Serra Sala,francserrasala@gmail.com,VALID,"Adeus - Cia. Oltrenotte (12,00 €)",2026-04-17 21:59:57,,,,,,,,,12,0.36,franc Serra Sala
90,330717,FALSE,Francesc Llenas Sabanes,Llenas,,0,Andreu Monclús,Andreu,Monclús,,VALID,"Abonament dissabte 11/04 (35,00 €)",2026-03-16 9:32:32,,,,,,,,,35,01.05,Francesc Llenas Sabanes Llenas
220,330717,FALSE,Francesc Llenas Sabanes,Llenas,,0,Clara Florensa,Clara,Florensa,,VALID,"Abonament dissabte 11/04 (35,00 €)",2026-03-16 9:32:32,,,,,,,,,35,01.05,Francesc Llenas Sabanes Llenas
263,330717,FALSE,Francesc Llenas Sabanes,Llenas,,0,Dani Casanovas,Dani,Casanovas,,VALID,"Abonament dissabte 11/04 (35,00 €)",2026-03-16 9:32:32,,,,,,,,,35,01.05,Francesc Llenas Sabanes Llenas
389,330717,FALSE,Francesc Llenas Sabanes,Llenas,,0,Francesc Llenas,Francesc,Llenas,,VALID,"Abonament dissabte 11/04 (35,00 €)",2026-03-16 9:32:32,,,,,,,,,35,01.05,Francesc Llenas Sabanes Llenas
122,339100,FALSE,francisca,sanhueza,,0,Antonia Carrasco,Antonia,Carrasco,frafrasanhueza@gmail.com,VALID,"Abonament diumenge 19/4 (excepte The Sinner) (25,00 €)",2026-04-18 14:26:38,,,,,,,,,25,0.75,francisca sanhueza
392,337144,FALSE,Fulvia,Calcagni,,0,Fulvia Calcagni,Fulvia,Calcagni,fulvia.calcagni@gmail.com,VALID,"Adeus - Cia. Oltrenotte (12,00 €)",2026-04-11 19:32:58,,,,,,,,,12,0.36,Fulvia Calcagni
393,337144,FALSE,Fulvia,Calcagni,,0,Fulvia Calcagni,Fulvia,Calcagni,fulvia.calcagni@gmail.com,VALID,"Décrochez-moi ça - Bêtes de Foire (ds. 18/4) (12,00 €)",2026-04-11 19:32:58,,,,,,,,,12,0.36,Fulvia Calcagni
394,337144,FALSE,Fulvia,Calcagni,,0,Fulvia Calcagni,Fulvia,Calcagni,fulvia.calcagni@gmail.com,VALID,"Perera Elsewhere + Rafush (10,00 €)",2026-04-11 19:32:58,,,,,,,,,10,0.3,Fulvia Calcagni
395,337144,FALSE,Fulvia,Calcagni,,0,Fulvia Calcagni,Fulvia,Calcagni,fulvia.calcagni@gmail.com,VALID,"Kabaret Kontrast (10,00 €)",2026-04-11 19:32:58,,,,,,,,,10,0.3,Fulvia Calcagni
620,337144,FALSE,Fulvia,Calcagni,,0,Louisa Di Felice,Louisa,Di Felice,fulvia.calcagni@gmail.com,VALID,"Perera Elsewhere + Rafush (10,00 €)",2026-04-11 19:32:58,,,,,,,,,10,0.3,Fulvia Calcagni
624,337144,FALSE,Fulvia,Calcagni,,0,Louisa Di Felice,Louisa,Di Felice,fulvia.calcagni@gmail.com,VALID,"Adeus - Cia. Oltrenotte (12,00 €)",2026-04-11 19:32:58,,,,,,,,,12,0.36,Fulvia Calcagni
625,337144,FALSE,Fulvia,Calcagni,,0,Louisa Di Felice,Louisa,Di Felice,fulvia.calcagni@gmail.com,VALID,"Décrochez-moi ça - Bêtes de Foire (ds. 18/4) (12,00 €)",2026-04-11 19:32:58,,,,,,,,,12,0.36,Fulvia Calcagni
626,337144,FALSE,Fulvia,Calcagni,,0,Louisa Di Felice,Louisa,Di Felice,fulvia.calcagni@gmail.com,VALID,"Kabaret Kontrast (10,00 €)",2026-04-11 19:32:58,,,,,,,,,10,0.3,Fulvia Calcagni
658,338445,FALSE,Gaspar,Magnere,,0,Magnere Gaspar,Magnere,Gaspar,gasparmagnere@gmail.com,VALID,"Adeus - Cia. Oltrenotte (12,00 €)",2026-04-16 11:14:37,,,,,,,,,12,0.36,Gaspar Magnere
1002,338445,FALSE,Gaspar,Magnere,,0,Saavedra Andrea,Saavedra,Andrea,gasparmagnere@gmail.com,VALID,"Adeus - Cia. Oltrenotte (12,00 €)",2026-04-16 11:14:37,,,,,,,,,12,0.36,Gaspar Magnere
402,337914,FALSE,Gemma,Turon,,0,Gemma Turon,Gemma,Turon,gturonro@gmail.com,VALID,"Décrochez-moi ça - Bêtes de Foire (ds. 18/4) (12,00 €)",2026-04-14 9:54:53,,,,,,,,,12,0.36,Gemma Turon
403,339194,FALSE,Gemma,Turon,,0,Gemma Turon,Gemma,Turon,gturonro@gmail.com,VALID,"Perera Elsewhere + Rafush (10,00 €)",2026-04-18 18:35:34,,,,,,,,,10,0.3,Gemma Turon
404,337914,FALSE,Gemma,Turon,,0,Gemma Turon Rodrigo,Gemma,Turon Rodrigo,gturonro@gmail.com,VALID,"Perdón (unplugged) - Los'Informalls (12,00 €)",2026-04-14 9:54:53,,,,,,,,,12,0.36,Gemma Turon
807,339194,FALSE,Gemma,Turon,,0,Miquel Duran,Miquel,Duran,miquelduranfrigola@gmail.com,VALID,"Perera Elsewhere + Rafush (10,00 €)",2026-04-18 18:35:34,,,,,,,,,10,0.3,Gemma Turon
808,338170,FALSE,Gemma,Turon,,0,Miquel Duran Frigola,Miquel,Duran Frigola,miquelduranfrigola@gmail.com,VALID,"Décrochez-moi ça - Bêtes de Foire (ds. 18/4) (12,00 €)",2026-04-15 8:04:11,,,,,,,,,12,0.36,Gemma Turon
809,338170,FALSE,Gemma,Turon,,0,Miquel Duran Frigola,Miquel,Duran Frigola,miquelduranfrigola@gmail.com,VALID,"Perdón (unplugged) - Los'Informalls (12,00 €)",2026-04-15 8:04:11,,,,,,,,,12,0.36,Gemma Turon
964,337914,FALSE,Gemma,Turon,,0,Raquel Millan,Raquel,Millan,r.millanicolas@gmail.com,VALID,"Décrochez-moi ça - Bêtes de Foire (ds. 18/4) (12,00 €)",2026-04-14 9:54:53,,,,,,,,,12,0.36,Gemma Turon
965,337914,FALSE,Gemma,Turon,,0,Raquel Millan,Raquel,Millan,r.millanicolas@gmail.com,VALID,"Perdón (unplugged) - Los'Informalls (12,00 €)",2026-04-14 9:54:53,,,,,,,,,12,0.36,Gemma Turon
966,339194,FALSE,Gemma,Turon,,0,Raquel Millan,Raquel,Millan,gturonro@gmail.com,VALID,"Perera Elsewhere + Rafush (10,00 €)",2026-04-18 18:35:34,,,,,,,,,10,0.3,Gemma Turon
409,338735,FALSE,gerard,vilardaga,,0,Gerard Vilardaga,Gerard,Vilardaga,,VALID,"Rubbish Rabbit - Tony Clifton (12,00 €)",2026-04-17 13:38:14,,,,,,,,,12,0.36,gerard vilardaga
410,338735,FALSE,gerard,vilardaga,,0,Gerard Vilardaga,Gerard,Vilardaga,gerardvilardaga@gmail.com,VALID,"Dinar popular + Esperit! (10,00 €)",2026-04-17 13:38:14,,,,,,,,,10,0.3,gerard vilardaga
411,339063,FALSE,GERARD,Casanova,,0,GERARD CASANOVA TALLADA,GERARD,CASANOVA TALLADA,Lakasoi@hotmail.com,VALID,"Kabaret Kontrast (10,00 €)",2026-04-18 12:49:09,,,,,,,,,10,0.3,GERARD Casanova
420,338743,FALSE,gerard,vilardaga,,0,Guiu Vilardaga,Guiu,Vilardaga,gerardvilardaga@gmail.com,VALID,"Rubbish Rabbit - Tony Clifton (8,00 €)",2026-04-17 13:40:39,,,,,,,,,8,0.24,gerard vilardaga
443,338735,FALSE,gerard,vilardaga,,0,Iris Hinojosa,Iris,Hinojosa,,VALID,"Rubbish Rabbit - Tony Clifton (12,00 €)",2026-04-17 13:38:14,,,,,,,,,12,0.36,gerard vilardaga
444,338735,FALSE,gerard,vilardaga,,0,Iris Hinojosa,Iris,Hinojosa,interpretad@gmail.com,VALID,"Dinar popular + Esperit! (10,00 €)",2026-04-17 13:38:14,,,,,,,,,10,0.3,gerard vilardaga
414,339267,FALSE,Giuliana,Durzo,,0,Giuliana Durzo,Giuliana,Durzo,giuliana.durzo@gmail.com,VALID,"Abonament diumenge 19/4 (excepte The Sinner) (25,00 €)",2026-04-19 6:32:53,,,,,,,,,25,0.75,Giuliana Durzo
418,339322,FALSE,Graeme,McFarlane,,0,Graeme McFarlane,Graeme,McFarlane,graememcfarlane92@gmail.com,VALID,"Rubbish Rabbit - Tony Clifton (12,00 €)",2026-04-19 11:57:43,,,,,,,,,12,0.36,Graeme McFarlane
988,339326,FALSE,Graeme,McFarlane,,0,Roman McFarlane,Roman,McFarlane,graememcfarlane92@gmail.com,VALID,"Rubbish Rabbit - Tony Clifton (8,00 €)",2026-04-19 11:59:42,,,,,,,,,8,0.24,Graeme McFarlane
419,338787,FALSE,Guillem,Badrenas,,0,Guillem Badrenas,Guillem,Badrenas,gbadrenas@gmail.com,VALID,"Perdón (unplugged) - Los'Informalls (12,00 €)",2026-04-17 15:39:43,,,,,,,,,12,0.36,Guillem Badrenas
566,338787,FALSE,Guillem,Badrenas,,0,Laia Garriga,Laia,Garriga,gbadrenas@gmail.com,VALID,"Perdón (unplugged) - Los'Informalls (12,00 €)",2026-04-17 15:39:43,,,,,,,,,12,0.36,Guillem Badrenas
422,332245,FALSE,Hector,Costas,,0,Hector Costas,Hector,Costas,hcostas@escolasadako.com,VALID,"Walk in Progress (10,00 €)",2026-03-22 16:59:56,,,,,,,,,10,0.3,Hector Costas
423,332245,FALSE,Hector,Costas,,0,Hector Costas,Hector,Costas,hcostas@escolasadako.com,VALID,"Dolores - My!Laika (12,00 €)",2026-03-22 16:59:56,,,,,,,,,12,0.36,Hector Costas
864,332245,FALSE,Hector,Costas,,0,Neus Colomer,Neus,Colomer,hcostas@escolasadako.com,VALID,"Walk in Progress (10,00 €)",2026-03-22 16:59:56,,,,,,,,,10,0.3,Hector Costas
865,332245,FALSE,Hector,Costas,,0,Neus Colomer,Neus,Colomer,hcostas@escolasadako.com,VALID,"Dolores - My!Laika (12,00 €)",2026-03-22 16:59:56,,,,,,,,,12,0.36,Hector Costas
312,339047,FALSE,Helena,Gispert,,0,Elena Villa,Elena,Villa,elenavillanavas@gmail.com,VALID,"Abonament diumenge 19/4 (excepte The Sinner) (25,00 €)",2026-04-18 11:40:27,,,,,,,,,25,0.75,Helena Gispert
349,339226,FALSE,Helena,Llongueras,,0,eva gallego,eva,gallego,hllongueras@gmail.com,VALID,"Abonament diumenge 19/4 (excepte The Sinner) (25,00 €)",2026-04-18 21:22:00,,,,,,,,,25,0.75,Helena Llongueras
427,339047,FALSE,Helena,Gispert,,0,Helena Gispert,Helena,Gispert,helenagispert@hotmail.com,VALID,"Abonament diumenge 19/4 (excepte The Sinner) (25,00 €)",2026-04-18 11:40:27,,,,,,,,,25,0.75,Helena Gispert
428,339226,FALSE,Helena,Llongueras,,0,helena llongueras,helena,llongueras,hllongueras@gmail.com,VALID,"Abonament diumenge 19/4 (excepte The Sinner) (25,00 €)",2026-04-18 21:22:00,,,,,,,,,25,0.75,Helena Llongueras
430,335245,FALSE,Hugo,Vejar,,0,Hugo Vejar,Hugo,Vejar,hugovejar85@gmail.com,VALID,"Abonament diumenge 12/04 (30,00 €)",2026-04-06 11:40:49,,,,,,,,,30,0.9,Hugo Vejar
889,335245,FALSE,Hugo,Vejar,,0,Olga Smirnova,Olga,Smirnova,morkva.happy@gmail.com,VALID,"Abonament diumenge 12/04 (30,00 €)",2026-04-06 11:40:49,,,,,,,,,30,0.9,Hugo Vejar
432,338960,FALSE,Ignacio,Schmidt,,0,Ignacio Schmidt,Ignacio,Schmidt,ignacio.schmidt.escobar@gmail.com,VALID,"Adeus - Cia. Oltrenotte (12,00 €)",2026-04-17 23:10:56,,,,,,,,,12,0.36,Ignacio Schmidt
433,330988,FALSE,Ignacio,Tejada,,0,Ignacio Tejada,Ignacio,Tejada,nacho_zolder@hotmail.com,VALID,"Abonament dissabte 18/04 (excepte Escarlata) (35,00 €)",2026-03-17 17:26:20,,,,,,,,,35,01.05,Ignacio Tejada
434,330988,FALSE,Ignacio,Tejada,,0,Ignacio Tejada,Ignacio,Tejada,nacho_zolder@hotmail.com,VALID,"Abonament divendres 17/04 (30,00 €)",2026-03-17 17:26:20,,,,,,,,,30,0.9,Ignacio Tejada
1025,330988,FALSE,Ignacio,Tejada,,0,Saverio Tomei,Saverio,Tomei,sasatronco@gmail.com,VALID,"Abonament divendres 17/04 (30,00 €)",2026-03-17 17:26:20,,,,,,,,,30,0.9,Ignacio Tejada
1026,330988,FALSE,Ignacio,Tejada,,0,Saverio Tomei,Saverio,Tomei,sasatronco@gmail.com,VALID,"Abonament dissabte 18/04 (excepte Escarlata) (35,00 €)",2026-03-17 17:26:20,,,,,,,,,35,01.05,Ignacio Tejada
58,333338,FALSE,IGNASI,DE SOLÀ-MORALES IBAÑEZ,,0,Alicia AJuher,Alicia,AJuher,ajuher@doemporda.cat,VALID,"Abonament 1r cap de setmana (60,00 €)",2026-03-26 23:35:56,,,,,,,,,60,01.08,IGNASI DE SOLÀ-MORALES IBAÑEZ
435,333338,FALSE,IGNASI,DE SOLÀ-MORALES IBAÑEZ,,0,Ignasi De Solà-Morales,Ignasi,De Solà-Morales,ignaside.solamorales@gmail.com,VALID,"Abonament 1r cap de setmana (60,00 €)",2026-03-26 23:35:56,,,,,,,,,60,01.08,IGNASI DE SOLÀ-MORALES IBAÑEZ
989,333338,FALSE,IGNASI,DE SOLÀ-MORALES IBAÑEZ,,0,Romina Ribera,Romina,Ribera,ribera.romina@gmail.com,VALID,"Abonament 1r cap de setmana (60,00 €)",2026-03-26 23:35:56,,,,,,,,,60,1.8,IGNASI DE SOLÀ-MORALES IBAÑEZ
37,332937,FALSE,Ione,Hermosa,,0,Alda Bazzaco,Alda,Bazzaco,,VALID,"Walk in Progress (6,00 €)",2026-03-25 22:23:54,,,,,,,,,6,0.18,Ione Hermosa
38,332937,FALSE,Ione,Hermosa,,0,Alda Bazzaco,Alda,Bazzaco,,VALID,"Dolores - My!Laika (8,00 €)",2026-03-25 22:23:54,,,,,,,,,8,0.24,Ione Hermosa
303,332935,FALSE,Ione,Hermosa,,0,Edoardo Bazzaco,Edoardo,Bazzaco,,VALID,"Dolores - My!Laika (12,00 €)",2026-03-25 22:20:59,,,,,,,,,12,0.36,Ione Hermosa
304,332935,FALSE,Ione,Hermosa,,0,Edoardo Bazzaco,Edoardo,Bazzaco,edobaz@gmail.com,VALID,"Walk in Progress (10,00 €)",2026-03-25 22:20:59,,,,,,,,,10,0.3,Ione Hermosa
436,332935,FALSE,Ione,Hermosa,,0,Ione Hermosa,Ione,Hermosa,ione.hermosa@gmail.com,VALID,"Walk in Progress (10,00 €)",2026-03-25 22:20:59,,,,,,,,,10,0.3,Ione Hermosa
437,332935,FALSE,Ione,Hermosa,,0,Ione Hermosa,Ione,Hermosa,,VALID,"Dolores - My!Laika (12,00 €)",2026-03-25 22:20:59,,,,,,,,,12,0.36,Ione Hermosa
661,332937,FALSE,Ione,Hermosa,,0,Maia Bazzaco,Maia,Bazzaco,,VALID,"Dolores - My!Laika (8,00 €)",2026-03-25 22:23:54,,,,,,,,,8,0.24,Ione Hermosa
662,332937,FALSE,Ione,Hermosa,,0,Maia Bazzaco,Maia,Bazzaco,,VALID,"Walk in Progress (6,00 €)",2026-03-25 22:23:54,,,,,,,,,6,0.18,Ione Hermosa
308,336337,FALSE,Irene,Gallego,,0,Elena Carmona,Elena,Carmona,elena.carmona@ajgirona.cat,VALID,"Dinar popular + Inutile Randonnée (10,00 €)",2026-04-09 21:55:56,,,,,,,,,10,0.3,Irene Gallego
438,334159,FALSE,Irene,Gallego,,0,Irene Gallego,Irene,Gallego,,VALID,"Abonament dissabte 11/04 (35,00 €)",2026-03-31 14:33:37,,,,,,,,,35,01.05,Irene Gallego
439,336337,FALSE,Irene,Gallego,,0,Irene Gallego,Irene,Gallego,,VALID,"Dinar popular + Inutile Randonnée (10,00 €)",2026-04-09 21:55:56,,,,,,,,,10,0.3,Irene Gallego
440,336733,FALSE,Irene,Requesens,,0,Irene Requesens,Irene,Requesens,irenerequesens@gmail.com,VALID,"Dinar popular + Inutile Randonnée (10,00 €)",2026-04-10 21:15:11,,,,,,,,,10,0.3,Irene Requesens
515,336733,FALSE,Irene,Requesens,,0,Jose Moya,Jose,Moya,moyakurare@gmail.com,VALID,"Dinar popular + Inutile Randonnée (10,00 €)",2026-04-10 21:15:11,,,,,,,,,10,0.3,Irene Requesens
261,338220,FALSE,Isabel,Andrés Sala,,0,Dagda Tristany Fernández,Dagda,Tristany Fernández,,VALID,"Abonament dijous 16/04 (20,00 €)",2026-04-15 12:46:37,,,,,,,,,20,0.6,Isabel Andrés Sala
445,338220,FALSE,Isabel,Andrés Sala,,0,Isabel Andrés Sala,Isabel,Andrés Sala,isabelandressala@gmail.com,VALID,"Abonament dijous 16/04 (20,00 €)",2026-04-15 12:46:37,,,,,,,,,20,0.6,Isabel Andrés Sala
453,337298,FALSE,Ivan,Otaola,,0,Ivan Otaola,Ivan,Otaola,ivanotaola@gmail.com,VALID,"Décrochez-moi ça - Bêtes de Foire (dg. 12/4) (12,00 €)",2026-04-12 11:09:24,,,,,,,,,12,0.36,Ivan Otaola
535,337298,FALSE,Ivan,Otaola,,0,Judit Marmi,Judit,Marmi,,VALID,"Décrochez-moi ça - Bêtes de Foire (dg. 12/4) (12,00 €)",2026-04-12 11:09:24,,,,,,,,,12,0.36,Ivan Otaola
455,338644,FALSE,Izaro,Tranche,,0,Izaro Tranche,Izaro,Tranche,izaro.tran@gmail.com,VALID,"Perdón (unplugged) - Los'Informalls (12,00 €)",2026-04-17 9:06:22,,,,,,,,,12,0.36,Izaro Tranche
456,338644,FALSE,Izaro,Tranche,,0,Izaro Tranche,Izaro,Tranche,izaro.tran@gmail.com,VALID,"Adeus - Cia. Oltrenotte (12,00 €)",2026-04-17 9:06:22,,,,,,,,,12,0.36,Izaro Tranche
463,336576,FALSE,Jaume,Fígols Roca,,0,Jaume Fígols Roca,Jaume,Fígols Roca,jfigolsr@gmail.com,VALID,"Décrochez-moi ça - Bêtes de Foire (dg. 12/4) (12,00 €)",2026-04-10 15:16:58,,,,,,,,,12,0.36,Jaume Fígols Roca
464,337723,FALSE,Jaume,Fígols Roca,,0,Jaume Fígols Roca,Jaume,Fígols Roca,jfigolsr@gmail.com,VALID,"Rubbish Rabbit - Tony Clifton (12,00 €)",2026-04-13 15:46:10,,,,,,,,,12,0.36,Jaume Fígols Roca
727,337723,FALSE,Jaume,Fígols Roca,,0,Marina Badia,Marina,Badia,,VALID,"Rubbish Rabbit - Tony Clifton (12,00 €)",2026-04-13 15:46:10,,,,,,,,,12,0.36,Jaume Fígols Roca
931,337723,FALSE,Jaume,Fígols Roca,,0,Pere Camprubí,Pere,Camprubí,,VALID,"Rubbish Rabbit - Tony Clifton (12,00 €)",2026-04-13 15:46:10,,,,,,,,,12,0.36,Jaume Fígols Roca
471,335080,FALSE,Jessica,Montes,,0,Jessica Montes,Jessica,Montes,,VALID,"Abonament dissabte 18/04 (excepte Escarlata) (35,00 €)",2026-04-05 16:14:46,,,,,,,,,35,01.05,Jessica Montes
538,335080,FALSE,Jessica,Montes,,0,Judith Cortada,Judith,Cortada,,VALID,"Abonament dissabte 18/04 (excepte Escarlata) (35,00 €)",2026-04-05 16:14:46,,,,,,,,,35,01.05,Jessica Montes
474,332911,FALSE,Jesus,Rios,,0,Jesus Rios,Jesus,Rios,jmriold@gmail.com,VALID,"Abonament 2n cap de setmana (75,00 €)",2026-03-25 21:16:21,,,,,,,,,75,2.25,Jesus Rios
1030,332911,FALSE,Jesus,Rios,,0,Sergi Lopez,Sergi,Lopez,slopezmartinez88@gmail.com,VALID,"Abonament 2n cap de setmana (75,00 €)",2026-03-25 21:16:21,,,,,,,,,75,2.25,Jesus Rios
475,338650,FALSE,Jimena,Bankowska,,0,Jimena Bankowska,Jimena,Bankowska,jimenabankowska@gmail.com,VALID,"Abonament diumenge 19/4 (excepte The Sinner) (25,00 €)",2026-04-17 9:23:08,,,,,,,,,25,0.75,Jimena Bankowska
298,329847,FALSE,Joan,Gener Barbany,,0,Duna Vilà Fernández,Duna,Vilà Fernández,generbarbany@gmail.com,VALID,"Ròdols i Cirgons - Escarlata (18.00h) (12,00 €)",2026-03-11 22:16:27,,,,,,,,,12,0.36,Joan Gener Barbany
299,329847,FALSE,Joan,Gener Barbany,,0,Duna Vilà Fernández,Duna,Vilà Fernández,generbarbany@gmail.com,VALID,"Dinar popular + Esperit! (10,00 €)",2026-03-11 22:16:27,,,,,,,,,10,0.3,Joan Gener Barbany
383,335655,FALSE,Joan,Benedicto Gras,,0,Fran Rodríguez Gómez,Fran,Rodríguez Gómez,frandirogo@hotmail.es,VALID,"Abonament diumenge 12/04 (30,00 €)",2026-04-07 20:54:59,,,,,,,,,30,0.9,Joan Benedicto Gras
477,335655,FALSE,Joan,Benedicto Gras,,0,Joan Benedicto Gras,Joan,Benedicto Gras,joan_gbj@hotmail.com,VALID,"Abonament diumenge 12/04 (30,00 €)",2026-04-07 20:54:59,,,,,,,,,30,0.9,Joan Benedicto Gras
478,329847,FALSE,Joan,Gener Barbany,,0,Joan Gener Barbany,Joan,Gener Barbany,generbarbany@gmail.com,VALID,"Ròdols i Cirgons - Escarlata (18.00h) (12,00 €)",2026-03-11 22:16:27,,,,,,,,,12,0.36,Joan Gener Barbany
484,329847,FALSE,Joan,Gener Barbany,,0,Joan Gener Barbany,Joan,Gener Barbany,generbarbany@gmail.com,VALID,"Perdón (unplugged) - Los'Informalls (12,00 €)",2026-03-11 22:16:27,,,,,,,,,12,0.36,Joan Gener Barbany
485,329847,FALSE,Joan,Gener Barbany,,0,Joan Gener Barbany,Joan,Gener Barbany,generbarbany@gmail.com,VALID,"Dinar popular + Esperit! (10,00 €)",2026-03-11 22:16:27,,,,,,,,,10,0.3,Joan Gener Barbany
981,329847,FALSE,Joan,Gener Barbany,,0,Roc Gener Vilà,Roc,Gener Vilà,generbarbany@gmail.com,VALID,"Ròdols i Cirgons - Escarlata (18.00h) (12,00 €)",2026-03-11 22:16:27,,,,,,,,,12,0.36,Joan Gener Barbany
982,329847,FALSE,Joan,Gener Barbany,,0,Roc Gener Vilà,Roc,Gener Vilà,generbarbany@gmail.com,VALID,"Dinar popular + Esperit! (10,00 €)",2026-03-11 22:16:27,,,,,,,,,10,0.3,Joan Gener Barbany
256,335250,FALSE,Joel,Llorca,,0,Cristina Ramon,Cristina,Ramon,jo3lorcat@gmail.com,VALID,"Abonament diumenge 12/04 (30,00 €)",2026-04-06 12:42:29,,,,,,,,,30,0.9,Joel Llorca
488,335250,FALSE,Joel,Llorca,,0,Joel Llorca,Joel,Llorca,jo3lorcat@gmail.com,VALID,"Abonament diumenge 12/04 (30,00 €)",2026-04-06 12:42:29,,,,,,,,,30,0.9,Joel Llorca
489,336274,FALSE,Jone,Muñiz Maza,,0,Jone Muñiz Maza,Jone,Muñiz Maza,jone.muniz.maza@gmail.com,VALID,"Konvent Klub (10,00 €)",2026-04-09 19:27:52,,,,,,,,,10,0.3,Jone Muñiz Maza
490,336274,FALSE,Jone,Muñiz Maza,,0,Jone Muñiz Maza,Jone,Muñiz Maza,jone.muniz.maza@gmail.com,VALID,"Dinar popular + Inutile Randonnée (10,00 €)",2026-04-09 19:27:52,,,,,,,,,10,0.3,Jone Muñiz Maza
151,335367,FALSE,Jordi,Moliner Blanch,,0,Beate Steffens Rückel,Beate,Steffens Rückel,tertulio17@gmail.com,VALID,"Abonament dissabte 11/04 (35,00 €)",2026-04-06 20:30:31,,,,,,,,,35,01.05,Jordi Moliner Blanch
323,333845,FALSE,Jordi,Niubó Boj,,0,Elisa Battikh Sala,Elisa,Battikh Sala,elisa.battikh@gmail.com,VALID,"Abonament diumenge 12/04 (30,00 €)",2026-03-29 20:31:25,,,,,,,,,30,0.9,Jordi Niubó Boj
399,337223,FALSE,Jordi,Bascompte,,0,Gemma Borràs Casas,Gemma,Borràs Casas,gemmaborrascasas@gmail.com,VALID,"Décrochez-moi ça - Bêtes de Foire (dg. 12/4) (12,00 €)",2026-04-11 22:28:40,,,,,,,,,12,0.36,Jordi Bascompte
491,337223,FALSE,Jordi,Bascompte,,0,Jordi Bascompte Serra,Jordi,Bascompte Serra,jordibascompteserra@gmail.com,VALID,"Décrochez-moi ça - Bêtes de Foire (dg. 12/4) (12,00 €)",2026-04-11 22:28:40,,,,,,,,,12,0.36,Jordi Bascompte
493,335371,FALSE,Jordi,Moliner Blanch,,0,Jordi Moliner Blanch,Jordi,Moliner Blanch,tertulio17@gmail.com,VALID,"Abonament dissabte 11/04 (35,00 €)",2026-04-06 20:36:44,,,,,,,,,35,01.05,Jordi Moliner Blanch
494,337014,FALSE,Jordi,Moreno,,0,Jordi Moreno,Jordi,Moreno,jordims1985@gmail.com,VALID,"Abonament diumenge 12/04 (30,00 €)",2026-04-11 15:02:15,,,,,,,,,30,0.9,Jordi Moreno
495,338586,FALSE,Jordi,Moreno,,0,Jordi Moreno,Jordi,Moreno,jordims1985@gmail.com,VALID,"Queerass(è) - Mau Cugat (12,00 €)",2026-04-16 21:37:13,,,,,,,,,12,0.36,Jordi Moreno
499,333626,FALSE,JORDI,BATRIU FONT,,0,Jordi Batriu Font,Jordi,Batriu Font,jordibf@gmail.com,VALID,"ROSE BIF - Sarah Anglada (12,00 €)",2026-03-28 8:36:20,,,,,,,,,12,0.36,JORDI BATRIU FONT
500,333626,FALSE,JORDI,BATRIU FONT,,0,Jordi Batriu Font,Jordi,Batriu Font,,VALID,"ROSE BIF - Sarah Anglada (12,00 €)",2026-03-28 8:36:20,,,,,,,,,12,0.36,JORDI BATRIU FONT
501,333626,FALSE,JORDI,BATRIU FONT,,0,Jordi Batriu Font,Jordi,Batriu Font,,VALID,"ROSE BIF - Sarah Anglada (12,00 €)",2026-03-28 8:36:20,,,,,,,,,12,0.36,JORDI BATRIU FONT
502,333626,FALSE,JORDI,BATRIU FONT,,0,Jordi Batriu Font,Jordi,Batriu Font,,VALID,"ROSE BIF - Sarah Anglada (12,00 €)",2026-03-28 8:36:20,,,,,,,,,12,0.36,JORDI BATRIU FONT
506,333845,FALSE,Jordi,Niubó Boj,,0,Jordi Niubó Boj,Jordi,Niubó Boj,jordiniubo@gmail.com,VALID,"Abonament diumenge 12/04 (30,00 €)",2026-03-29 20:31:25,,,,,,,,,30,0.9,Jordi Niubó Boj
507,335424,FALSE,jordi,querol,,0,jordi querol,jordi,querol,Jordimacfestival@gmail.com,VALID,"Abonament diumenge 19/4 (excepte The Sinner) (25,00 €)",2026-04-06 22:42:32,,,,,,,,,25,0.75,jordi querol
508,339117,FALSE,Jordi,Triola,,0,Jordi Triola,Jordi,Triola,triolanimart@gmail.com,VALID,"Abonament diumenge 19/4 (excepte The Sinner) (25,00 €)",2026-04-18 15:07:10,,,,,,,,,25,0.75,Jordi Triola
663,339117,FALSE,Jordi,Triola,,0,Maite Rosende,Maite,Rosende,,VALID,"Abonament diumenge 19/4 (excepte The Sinner) (25,00 €)",2026-04-18 15:07:10,,,,,,,,,25,0.75,Jordi Triola
768,337223,FALSE,Jordi,Bascompte,,0,Martí Bascompte Borràs,Martí,Bascompte Borràs,jordibascompteserra@gmail.com,VALID,"Décrochez-moi ça - Bêtes de Foire (dg. 12/4) (12,00 €)",2026-04-11 22:28:40,,,,,,,,,12,0.36,Jordi Bascompte
1038,335371,FALSE,Jordi,Moliner Blanch,,0,Silvina Molina Lipinski,Silvina,Molina Lipinski,tertulio17@gmail.com,VALID,"Abonament dissabte 11/04 (35,00 €)",2026-04-06 20:36:44,,,,,,,,,35,01.05,Jordi Moliner Blanch
1099,335371,FALSE,Jordi,Moliner Blanch,,0,Xavi Steffens,Xavi,Steffens,tertulio17@gmail.com,VALID,"Abonament dissabte 11/04 (35,00 €)",2026-04-06 20:36:44,,,,,,,,,35,01.05,Jordi Moliner Blanch
441,338580,FALSE,Jordina,Pérez,,0,Irene Vilaseca,Irene,Vilaseca,,VALID,"Adeus - Cia. Oltrenotte (12,00 €)",2026-04-16 21:12:05,,,,,,,,,12,0.36,Jordina Pérez
510,338580,FALSE,Jordina,Pérez,,0,Jordina Pérez,Jordina,Pérez,jordinapg@gmail.com,VALID,"Adeus - Cia. Oltrenotte (12,00 €)",2026-04-16 21:12:05,,,,,,,,,12,0.36,Jordina Pérez
713,338580,FALSE,Jordina,Pérez,,0,Maria Sales,Maria,Sales,,VALID,"Adeus - Cia. Oltrenotte (12,00 €)",2026-04-16 21:12:05,,,,,,,,,12,0.36,Jordina Pérez
179,334554,FALSE,Jose,Torres Puig,,0,Carla Careta Cavagliani,Carla,Careta Cavagliani,josep.torres.puig@gmail.com,VALID,"Abonament divendres 17/04 (30,00 €)",2026-04-02 10:25:31,,,,,,,,,30,0.9,Jose Torres Puig
286,334554,FALSE,Jose,Torres Puig,,0,Desislava Staneva,Desislava,Staneva,josep.torres.puig@gmail.com,VALID,"Abonament divendres 17/04 (30,00 €)",2026-04-02 10:25:31,,,,,,,,,30,0.9,Jose Torres Puig
287,334555,FALSE,Jose,Torres Puig,,0,Desislava Stanvea,Desislava,Stanvea,josep.torres.puig@gmail.com,VALID,"Abonament divendres 17/04 (15,00 €)",2026-04-02 10:28:11,,,,,,,,,15,0.45,Jose Torres Puig
511,337438,FALSE,Jose,Dominguez jorge,,0,Jose Dominguez jorge,Jose,Dominguez jorge,josem.dominguez@fujitsu.com,VALID,"Décrochez-moi ça - Bêtes de Foire (dg. 12/4) (12,00 €)",2026-04-12 17:18:31,,,,,,,,,12,0.36,Jose Dominguez jorge
518,334554,FALSE,Jose,Torres Puig,,0,Jose Torres Puig,Jose,Torres Puig,josep.torres.puig@gmail.com,VALID,"Abonament divendres 17/04 (30,00 €)",2026-04-02 10:25:31,,,,,,,,,30,0.9,Jose Torres Puig
973,334554,FALSE,Jose,Torres Puig,,0,Ricky Catalan,Ricky,Catalan,josep.torres.puig@gmail.com,VALID,"Abonament divendres 17/04 (30,00 €)",2026-04-02 10:25:31,,,,,,,,,30,0.9,Jose Torres Puig
974,334555,FALSE,Jose,Torres Puig,,0,Ricky Catalan,Ricky,Catalan,josep.torres.puig@gmail.com,VALID,"Abonament divendres 17/04 (15,00 €)",2026-04-02 10:28:11,,,,,,,,,15,0.45,Jose Torres Puig
513,335307,FALSE,Jose M,Sánchez Bautista,,0,Jose M Sanchez Bautista,Jose M,Sanchez Bautista,jmsanbau@gmail.com,VALID,"Abonament divendres 17/04 (30,00 €)",2026-04-06 16:23:02,,,,,,,,,30,0.9,Jose M Sánchez Bautista
884,335307,FALSE,Jose M,Sánchez Bautista,,0,Nuria Espinach Bertran,Nuria,Espinach Bertran,nuria.espinach@gmail.com,VALID,"Abonament divendres 17/04 (30,00 €)",2026-04-06 16:23:02,,,,,,,,,30,0.9,Jose M Sánchez Bautista
514,338753,FALSE,José María,Martínez Giralt,,0,José María Martínez Giralt,José María,Martínez Giralt,pepmariamg@gmail.com,VALID,"Décrochez-moi ça - Bêtes de Foire (dv. 17/4) (12,00 €)",2026-04-17 14:40:32,,,,,,,,,12,0.36,José María Martínez Giralt
345,339310,FALSE,Josep,Vilardaga,,0,Estefania Closa,Estefania,Closa,,VALID,"Kabaret Kontrast (10,00 €)",2026-04-19 11:20:24,,,,,,,,,10,0.3,Josep Vilardaga
521,336120,FALSE,Josep,Perramon Augé,,0,Josep Perramon Augé,Josep,Perramon Augé,jperramonauge@gmail.com,VALID,"Décrochez-moi ça - Bêtes de Foire (dg. 12/4) (12,00 €)",2026-04-09 12:48:37,,,,,,,,,12,0.36,Josep Perramon Augé
524,339310,FALSE,Josep,Vilardaga,,0,Josep Vilardaga,Josep,Vilardaga,,VALID,"Kabaret Kontrast (10,00 €)",2026-04-19 11:20:24,,,,,,,,,10,0.3,Josep Vilardaga
815,336120,FALSE,Josep,Perramon Augé,,0,Mireia Llussà Torra,Mireia,Llussà Torra,llussamireia@gmail.com,VALID,"Décrochez-moi ça - Bêtes de Foire (dg. 12/4) (12,00 €)",2026-04-09 12:48:37,,,,,,,,,12,0.36,Josep Perramon Augé
880,336120,FALSE,Josep,Perramon Augé,,0,Núria Perramon Llussà,Núria,Perramon Llussà,nuria.perramon.llu@gmail.com,VALID,"Décrochez-moi ça - Bêtes de Foire (dg. 12/4) (12,00 €)",2026-04-09 12:48:37,,,,,,,,,12,0.36,Josep Perramon Augé
525,338391,FALSE,Juan Jesus,Marco Morales,,0,Juan Jesus Marco Morales,Juan Jesus,Marco Morales,juanjemarco@gmail.com,VALID,"Perera Elsewhere + Rafush (10,00 €)",2026-04-15 23:10:10,,,,,,,,,10,0.3,Juan Jesus Marco Morales
526,338391,FALSE,Juan Jesus,Marco Morales,,0,Juan Jesus Marco Morales,Juan Jesus,Marco Morales,juanjemarco@gmail.com,VALID,"Dinar popular + Esperit! (10,00 €)",2026-04-15 23:10:10,,,,,,,,,10,0.3,Juan Jesus Marco Morales
638,338391,FALSE,Juan Jesus,Marco Morales,,0,Luis Alberto Moreno Cano,Luis Alberto,Moreno Cano,lamcano@gmail.com,VALID,"Perera Elsewhere + Rafush (10,00 €)",2026-04-15 23:10:10,,,,,,,,,10,0.3,Juan Jesus Marco Morales
639,338391,FALSE,Juan Jesus,Marco Morales,,0,Luis Alberto Moreno Cano,Luis Alberto,Moreno Cano,lamcano@gmail.com,VALID,"Dinar popular + Esperit! (10,00 €)",2026-04-15 23:10:10,,,,,,,,,10,0.3,Juan Jesus Marco Morales
998,338391,FALSE,Juan Jesus,Marco Morales,,0,Ruben Prades,Ruben,Prades,juanjemarco@gmail.com,VALID,"Dinar popular + Esperit! (10,00 €)",2026-04-15 23:10:10,,,,,,,,,10,0.3,Juan Jesus Marco Morales
999,338675,FALSE,Juan Jesus,Marco Morales,,0,Ruben Prades,Ruben,Prades,juanjemarco@gmail.com,VALID,"Perera Elsewhere + Rafush (10,00 €)",2026-04-17 10:23:07,,,,,,,,,10,0.3,Juan Jesus Marco Morales
527,339011,FALSE,Juan Manuel,Ferraro,,0,Juan Manuel Ferraro,Juan Manuel,Ferraro,juanmanuelferraro@gmail.com,VALID,"Perera Elsewhere + Rafush (10,00 €)",2026-04-18 10:26:47,,,,,,,,,10,0.3,Juan Manuel Ferraro
528,339011,FALSE,Juan Manuel,Ferraro,,0,Juan Manuel Ferraro,Juan Manuel,Ferraro,juanmanuelferraro@gmail.com,VALID,"Dinar popular + Esperit! (10,00 €)",2026-04-18 10:26:47,,,,,,,,,10,0.3,Juan Manuel Ferraro
529,339011,FALSE,Juan Manuel,Ferraro,,0,Juan Manuel Ferraro,Juan Manuel,Ferraro,juanmanuelferraro@gmail.com,VALID,"Perdón (unplugged) - Los'Informalls (12,00 €)",2026-04-18 10:26:47,,,,,,,,,12,0.36,Juan Manuel Ferraro
12,335808,FALSE,Judit,Serra Noguera,,0,Aina Pi Sitges,Aina,Pi Sitges,juditserranoguera@gmail.com,VALID,"Abonament diumenge 12/04 (30,00 €)",2026-04-08 13:04:01,,,,,,,,,30,0.9,Judit Serra Noguera
99,339285,FALSE,Judit,Solà Sanmiquel,,0,Anna Vilaredas,Anna,Vilaredas,juditsolasanmiquel@gmail.com,VALID,"Kabaret Kontrast (10,00 €)",2026-04-19 9:54:13,,,,,,,,,10,0.3,Judit Solà Sanmiquel
200,338734,FALSE,Judit,Algué,,0,Catalina Ramón,Catalina,Ramón,yoguiyogas@gmail.com,VALID,"Décrochez-moi ça - Bêtes de Foire (dv. 17/4) (12,00 €)",2026-04-17 13:08:09,,,,,,,,,12,0.36,Judit Algué
470,339285,FALSE,Judit,Solà Sanmiquel,,0,Jessica Barniol,Jessica,Barniol,juditsolasanmiquel@gmail.com,VALID,"Kabaret Kontrast (10,00 €)",2026-04-19 9:54:13,,,,,,,,,10,0.3,Judit Solà Sanmiquel
530,335808,FALSE,Judit,Serra Noguera,,0,Judit Serra Noguera,Judit,Serra Noguera,juditserranoguera@gmail.com,VALID,"Abonament diumenge 12/04 (30,00 €)",2026-04-08 13:04:01,,,,,,,,,30,0.9,Judit Serra Noguera
534,338734,FALSE,Judit,Algué,,0,Judit Algué,Judit,Algué,yoguiyogas@gmail.com,VALID,"Décrochez-moi ça - Bêtes de Foire (dv. 17/4) (12,00 €)",2026-04-17 13:08:09,,,,,,,,,12,0.36,Judit Algué
119,337262,FALSE,Judith,Vidal,,0,Anna Ramon,Anna,Ramon,,VALID,"Kabaret Kontrast (10,00 €)",2026-04-12 8:29:36,,,,,,,,,10,0.3,Judith Vidal
487,335341,FALSE,Judith,Ferrer,,0,Joan Herbera,Joan,Herbera,,VALID,"ROSE BIF - Sarah Anglada (12,00 €)",2026-04-06 19:06:13,,,,,,,,,12,0.36,Judith Ferrer
509,337875,FALSE,Judith,Vidal,,0,Jordi Yuste,Jordi,Yuste,jvidal@cpnl.cat,VALID,"Décrochez-moi ça - Bêtes de Foire (dv. 17/4) (12,00 €)",2026-04-14 7:13:33,,,,,,,,,12,0.36,Judith Vidal
539,336901,FALSE,Judith,Alaiz,,0,Judith Alaiz,Judith,Alaiz,jude.insf@gmail.com,VALID,"Wander, Trànsit escènic (12,00 €)",2026-04-11 11:15:14,,,,,,,,,12,0.36,Judith Alaiz
540,336901,FALSE,Judith,Alaiz,,0,Judith Alaiz,Judith,Alaiz,,VALID,"Wander, Trànsit escènic (12,00 €)",2026-04-11 11:15:14,,,,,,,,,12,0.36,Judith Alaiz
541,335341,FALSE,Judith,Ferrer,,0,Judith Ferrer,Judith,Ferrer,judith.ferrerseesaeng@gmail.com,VALID,"ROSE BIF - Sarah Anglada (12,00 €)",2026-04-06 19:06:13,,,,,,,,,12,0.36,Judith Ferrer
542,337262,FALSE,Judith,Vidal,,0,Judith Vidal,Judith,Vidal,,VALID,"Kabaret Kontrast (10,00 €)",2026-04-12 8:29:36,,,,,,,,,10,0.3,Judith Vidal
543,337875,FALSE,Judith,Vidal,,0,Judith Vidal,Judith,Vidal,jvidal@cpnl.catjord,VALID,"Décrochez-moi ça - Bêtes de Foire (dv. 17/4) (12,00 €)",2026-04-14 7:13:33,,,,,,,,,12,0.36,Judith Vidal
963,337262,FALSE,Judith,Vidal,,0,Raquel Julian,Raquel,Julian,,VALID,"Kabaret Kontrast (10,00 €)",2026-04-12 8:29:36,,,,,,,,,10,0.3,Judith Vidal
544,338593,FALSE,Julia,Bas,,0,Júlia Bas,Júlia,Bas,bas.juliaa@gmail.com,VALID,"Perdón (unplugged) - Los'Informalls (12,00 €)",2026-04-16 22:25:13,,,,,,,,,12,0.36,Julia Bas
548,338593,FALSE,Julia,Bas,,0,Júlia2 Bas2,Júlia2,Bas2,bas.juliaa@gmail.com,VALID,"Perdón (unplugged) - Los'Informalls (12,00 €)",2026-04-16 22:25:13,,,,,,,,,12,0.36,Julia Bas
725,333676,FALSE,Julia,Barange,,0,Mariana Kahlo,Mariana,Kahlo,marianakahlo@yahoo.com,VALID,"Abonament dissabte 11/04 (35,00 €)",2026-03-28 16:01:24,,,,,,,,,35,01.05,Julia Barange
814,333676,FALSE,Julia,Barange,,0,Mireia Piqué,Mireia,Piqué,mireiapb@yahoo.es,VALID,"Abonament dissabte 11/04 (35,00 €)",2026-03-28 16:01:24,,,,,,,,,35,01.05,Julia Barange
1011,333676,FALSE,Julia,Barange,,0,Sandra Piris,Sandra,Piris,sapiam76@yahoo.es,VALID,"Abonament dissabte 11/04 (35,00 €)",2026-03-28 16:01:24,,,,,,,,,35,01.05,Julia Barange
94,331087,FALSE,júlia,poch,,0,àngels lladó,àngels,lladó,,VALID,"Abonament 1r cap de setmana (60,00 €)",2026-03-17 22:28:30,,,,,,,,,60,01.08,júlia poch
391,331087,FALSE,júlia,poch,,0,françois malabre,françois,malabre,,VALID,"Abonament 1r cap de setmana (60,00 €)",2026-03-17 22:28:30,,,,,,,,,60,1.8,júlia poch
547,331087,FALSE,júlia,poch,,0,júlia poch,júlia,poch,juliapoch@gmail.com,VALID,"Abonament 1r cap de setmana (60,00 €)",2026-03-17 22:28:30,,,,,,,,,60,1.8,júlia poch
581,331087,FALSE,júlia,poch,,0,laura brustenga,laura,brustenga,,VALID,"Abonament 1r cap de setmana (60,00 €)",2026-03-17 22:28:30,,,,,,,,,60,1.8,júlia poch
150,337306,FALSE,Julian,Rizzon,,0,Basak Basak,Basak,Basak,,VALID,"Dinar popular + Esperit! (10,00 €)",2026-04-12 11:21:11,,,,,,,,,10,0.3,Julian Rizzon
421,337306,FALSE,Julian,Rizzon,,0,Gulnaz Gulnaz,Gulnaz,Gulnaz,,VALID,"Dinar popular + Esperit! (10,00 €)",2026-04-12 11:21:11,,,,,,,,,10,0.3,Julian Rizzon
467,337306,FALSE,Julian,Rizzon,,0,Jeltsje Jaltsje,Jeltsje,Jaltsje,,VALID,"Dinar popular + Esperit! (10,00 €)",2026-04-12 11:21:11,,,,,,,,,10,0.3,Julian Rizzon
549,337306,FALSE,Julian,Rizzon,,0,Julian Rizzon,Julian,Rizzon,,VALID,"Dinar popular + Esperit! (10,00 €)",2026-04-12 11:21:11,,,,,,,,,10,0.3,Julian Rizzon
558,337306,FALSE,Julian,Rizzon,,0,Kate Kate,Kate,Kate,,VALID,"Dinar popular + Esperit! (10,00 €)",2026-04-12 11:21:11,,,,,,,,,10,0.3,Julian Rizzon
784,337306,FALSE,Julian,Rizzon,,0,Max Max,Max,Max,,VALID,"Dinar popular + Esperit! (10,00 €)",2026-04-12 11:21:11,,,,,,,,,10,0.3,Julian Rizzon
550,338859,FALSE,Julieta,Sáez,,0,Julieta Saez,Julieta,Saez,julietagsaez@gmail.com,VALID,"Muovipussi + Schlaasss (10,00 €)",2026-04-17 18:55:58,,,,,,,,,10,0.3,Julieta Sáez
573,338859,FALSE,Julieta,Sáez,,0,Laura Andrés nebot,Laura,Andrés nebot,julietagsaez@gmail.com,VALID,"Muovipussi + Schlaasss (10,00 €)",2026-04-17 18:55:58,,,,,,,,,10,0.3,Julieta Sáez
551,332851,FALSE,Juliette,Beaume,,0,Juliette Beaume,Juliette,Beaume,juliette.beaume@gmail.com,VALID,"Walk in Progress (10,00 €)",2026-03-25 16:16:33,,,,,,,,,10,0.3,Juliette Beaume
552,332851,FALSE,Juliette,Beaume,,0,Juliette Beaume,Juliette,Beaume,juliette.beaume@gmail.com,VALID,"Dolores - My!Laika (12,00 €)",2026-03-25 16:16:33,,,,,,,,,12,0.36,Juliette Beaume
555,337313,FALSE,Karina,Behar,,0,karina.behar@gmail.com Behar,karina.behar@gmail.com,Behar,karina.behar@gmail.com,VALID,"Abonament diumenge 12/04 (30,00 €)",2026-04-12 11:41:41,,,,,,,,,30,0.9,Karina Behar
556,335582,FALSE,Karling,Dallyn,,0,Karling Dallyn,Karling,Dallyn,karlingd@me.com,VALID,"Dolores - My!Laika (12,00 €)",2026-04-07 17:55:16,,,,,,,,,12,0.36,Karling Dallyn
557,335582,FALSE,Karling,Dallyn,,0,Karling Dallyn,Karling,Dallyn,karlingd@me.com,VALID,"Konvent Klub (10,00 €)",2026-04-07 17:55:16,,,,,,,,,10,0.3,Karling Dallyn
1067,335582,FALSE,Karling,Dallyn,,0,Tomas Acuna,Tomas,Acuna,tomas.e.acuna@gmail.com,VALID,"Dolores - My!Laika (12,00 €)",2026-04-07 17:55:16,,,,,,,,,12,0.36,Karling Dallyn
1068,335582,FALSE,Karling,Dallyn,,0,Tomas Acuna,Tomas,Acuna,tomas.e.acuna@gmail.com,VALID,"Konvent Klub (10,00 €)",2026-04-07 17:55:16,,,,,,,,,10,0.3,Karling Dallyn
559,339323,FALSE,Kay,Schonmehl,,0,Kay Schonmehl,Kay,Schonmehl,,VALID,"Kabaret Kontrast (10,00 €)",2026-04-19 12:01:40,,,,,,,,,10,0.3,Kay Schonmehl
560,339323,FALSE,Kay,Schonmehl,,0,Kay Schonmehl,Kay,Schonmehl,,VALID,"Rubbish Rabbit - Tony Clifton (12,00 €)",2026-04-19 12:01:40,,,,,,,,,12,0.36,Kay Schonmehl
173,331197,FALSE,Kevin Yobánolo Guerrero,Yobanolo Guerrero,,0,Camila Gaete,Camila,Gaete,kevin.yobanolo@gmail.com,VALID,"Abonament 1r cap de setmana (60,00 €)",2026-03-18 14:17:04,,,,,,,,,60,1.8,Kevin Yobánolo Guerrero Yobanolo Guerrero
537,331254,FALSE,Kevin Yobánolo Guerrero,Yobanolo Guerrero,,0,Judith Capdevila,Judith,Capdevila,kevin.yobanolo@gmail.com,VALID,"Abonament 1r cap de setmana (60,00 €)",2026-03-18 18:59:57,,,,,,,,,60,1.8,Kevin Yobánolo Guerrero Yobanolo Guerrero
561,331197,FALSE,Kevin Yobánolo Guerrero,Yobanolo Guerrero,,0,Kevin Yobanolo,Kevin,Yobanolo,kevin.yobanolo@gmail.com,VALID,"Abonament 1r cap de setmana (60,00 €)",2026-03-18 14:17:04,,,,,,,,,60,1.8,Kevin Yobánolo Guerrero Yobanolo Guerrero
924,331197,FALSE,Kevin Yobánolo Guerrero,Yobanolo Guerrero,,0,Paz Jorquera,Paz,Jorquera,kevin.yobanolo@gmail.com,VALID,"Abonament 1r cap de setmana (60,00 €)",2026-03-18 14:17:04,,,,,,,,,60,1.8,Kevin Yobánolo Guerrero Yobanolo Guerrero
1023,331197,FALSE,Kevin Yobánolo Guerrero,Yobanolo Guerrero,,0,Sara Roca,Sara,Roca,kevin.yobanolo@gmail.com,VALID,"Abonament 1r cap de setmana (60,00 €)",2026-03-18 14:17:04,,,,,,,,,60,1.8,Kevin Yobánolo Guerrero Yobanolo Guerrero
346,337073,FALSE,Laia,Cubinsà,,0,Ester Noguera,Ester,Noguera,laia.cubinsa@gmail.com,VALID,"Décrochez-moi ça - Bêtes de Foire (dv. 10/4) (12,00 €)",2026-04-11 17:32:49,,,,,,,,,12,0.36,Laia Cubinsà
563,338853,FALSE,Laia,Alzueta,,0,Laia Alzueta,Laia,Alzueta,laialzueta@gmail.com,VALID,"Perdón (unplugged) - Los'Informalls (12,00 €)",2026-04-17 18:14:51,,,,,,,,,12,0.36,Laia Alzueta
565,337073,FALSE,Laia,Cubinsà,,0,laia Cubinsà,laia,Cubinsà,laia.cubinsa@gmail.com,VALID,"Décrochez-moi ça - Bêtes de Foire (dv. 10/4) (12,00 €)",2026-04-11 17:32:49,,,,,,,,,12,0.36,Laia Cubinsà
567,339286,FALSE,Laia,Gusi,,0,Laia Gusi Piñol,Laia,Gusi Piñol,laiagusi99@gmail.com,VALID,"Abonament diumenge 19/4 (excepte The Sinner) (25,00 €)",2026-04-19 9:54:50,,,,,,,,,25,0.75,Laia Gusi
569,338703,FALSE,Laia,Pubill,,0,Laia Pubill,Laia,Pubill,nomeseastanto@gmail.com,VALID,"Décrochez-moi ça - Bêtes de Foire (dv. 17/4) (12,00 €)",2026-04-17 11:33:50,,,,,,,,,12,0.36,Laia Pubill
570,333899,FALSE,Laia,Sucarrats Clotet,,0,Laia Sucarrats,Laia,Sucarrats,laiamadalain@gmail.com,VALID,"Décrochez-moi ça - Bêtes de Foire (dg. 12/4) (15,00 €)",2026-03-30 9:23:00,,,,,,,,,15,0.45,Laia Sucarrats Clotet
640,338853,FALSE,Laia,Alzueta,,0,Luis Fernandez,Luis,Fernandez,laialzueta@gmail.com,VALID,"Perdón (unplugged) - Los'Informalls (12,00 €)",2026-04-17 18:14:51,,,,,,,,,12,0.36,Laia Alzueta
687,337073,FALSE,Laia,Cubinsà,,0,Marçal Camps,Marçal,Camps,laia.cubinsa@gmail.com,VALID,"Décrochez-moi ça - Bêtes de Foire (dv. 10/4) (12,00 €)",2026-04-11 17:32:49,,,,,,,,,12,0.36,Laia Cubinsà
897,333899,FALSE,Laia,Sucarrats Clotet,,0,Òscar Vilarasau,Òscar,Vilarasau,laiamadalain@gmail.com,VALID,"Décrochez-moi ça - Bêtes de Foire (dg. 12/4) (15,00 €)",2026-03-30 9:23:00,,,,,,,,,15,0.45,Laia Sucarrats Clotet
997,338703,FALSE,Laia,Pubill,,0,Roser Xixons,Roser,Xixons,nomeseastanto@gmail.com,VALID,"Décrochez-moi ça - Bêtes de Foire (dv. 17/4) (12,00 €)",2026-04-17 11:33:50,,,,,,,,,12,0.36,Laia Pubill
572,334901,FALSE,Lara,Renard,,0,Lara Renard,Lara,Renard,lara.somriu@gmail.com,VALID,"Décrochez-moi ça - Bêtes de Foire (ds. 18/4) (12,00 €)",2026-04-04 12:22:10,,,,,,,,,12,0.36,Lara Renard
810,334901,FALSE,Lara,Renard,,0,Miquel Sol,Miquel,Sol,lara.somriu@gmail.com,VALID,"Décrochez-moi ça - Bêtes de Foire (ds. 18/4) (12,00 €)",2026-04-04 12:22:10,,,,,,,,,12,0.36,Lara Renard
949,336227,FALSE,Lara,Abram,,0,Pocha Serqueira,Pocha,Serqueira,,VALID,"Dinar popular + Inutile Randonnée (10,00 €)",2026-04-09 16:48:55,,,,,,,,,10,0.3,Lara Abram
34,336310,FALSE,Laura,Llobet,,0,Albert Pont,Albert,Pont,,VALID,"Abonament diumenge 12/04 (30,00 €)",2026-04-09 20:51:43,,,,,,,,,30,0.9,Laura Llobet
35,333498,FALSE,Laura,Prat,,0,Albert Raya,Albert,Raya,eilarspelt77@gmail.com,VALID,"Abonament diumenge 12/04 (30,00 €)",2026-03-27 17:04:18,,,,,,,,,30,0.9,Laura Prat
171,332086,FALSE,Laura,van Esch Solà,,0,Bruna Autet,Bruna,Autet,bruna.autet@gmail.com,VALID,"Abonament dissabte 18/04 (excepte Escarlata) (35,00 €)",2026-03-21 22:45:19,,,,,,,,,35,01.05,Laura van Esch Solà
307,333498,FALSE,Laura,Prat,,0,Eila Espelt,Eila,Espelt,eilaespelt77@gmail.com,VALID,"Abonament diumenge 12/04 (30,00 €)",2026-03-27 17:04:18,,,,,,,,,30,0.9,Laura Prat
357,334778,FALSE,Laura,Arbelaez ossa,,0,Evgeny Sitnikov,Evgeny,Sitnikov,,VALID,"Walk in Progress (10,00 €)",2026-04-03 17:27:24,,,,,,,,,10,0.3,Laura Arbelaez ossa
358,334778,FALSE,Laura,Arbelaez ossa,,0,Evgeny Sitnikov,Evgeny,Sitnikov,,VALID,"Dolores - My!Laika (12,00 €)",2026-04-03 17:27:24,,,,,,,,,12,0.36,Laura Arbelaez ossa
476,333498,FALSE,Laura,Prat,,0,Jises Santamaria,Jises,Santamaria,jisesmail@gmail.com,VALID,"Abonament diumenge 12/04 (30,00 €)",2026-03-27 17:04:18,,,,,,,,,30,0.9,Laura Prat
574,334778,FALSE,Laura,Arbelaez ossa,,0,Laura Arbelaez,Laura,Arbelaez,,VALID,"Dolores - My!Laika (12,00 €)",2026-04-03 17:27:24,,,,,,,,,12,0.36,Laura Arbelaez ossa
577,334778,FALSE,Laura,Arbelaez ossa,,0,Laura Arbelaez ossa,Laura,Arbelaez ossa,,VALID,"Walk in Progress (10,00 €)",2026-04-03 17:27:24,,,,,,,,,10,0.3,Laura Arbelaez ossa
578,338897,FALSE,Laura,Balet Caixach,,0,Laura Balet Caixach,Laura,Balet Caixach,balet.caixach@gmail.com,VALID,"Perdón (unplugged) - Los'Informalls (12,00 €)",2026-04-17 20:48:04,,,,,,,,,12,0.36,Laura Balet Caixach
579,338897,FALSE,Laura,Balet Caixach,,0,Laura Balet Caixach,Laura,Balet Caixach,balet.caixach@gmail.com,VALID,"Perera Elsewhere + Rafush (10,00 €)",2026-04-17 20:48:04,,,,,,,,,10,0.3,Laura Balet Caixach
582,335046,FALSE,Laura,Carrasco,,0,Laura Carrasco,Laura,Carrasco,laucarrasco07@gmail.com,VALID,"Abonament 1r cap de setmana (60,00 €)",2026-04-05 12:33:17,,,,,,,,,60,1.8,Laura Carrasco
585,336310,FALSE,Laura,Llobet,,0,Laura Llobet,Laura,Llobet,laurallbt@gmail.com,VALID,"Abonament diumenge 12/04 (30,00 €)",2026-04-09 20:51:43,,,,,,,,,30,0.9,Laura Llobet
586,333897,FALSE,Laura,Martin,,0,Laura Martin,Laura,Martin,,VALID,"Abonament dissabte 18/04 (excepte Escarlata) (35,00 €)",2026-03-30 9:13:42,,,,,,,,,35,01.05,Laura Martin
587,338252,FALSE,Laura,Martin,,0,Laura Martin,Laura,Martin,,VALID,"Kabaret Kontrast (10,00 €)",2026-04-15 14:38:50,,,,,,,,,10,0.3,Laura Martin
588,338252,FALSE,Laura,Martin,,0,Laura Martin,Laura,Martin,,VALID,"Dinar popular + Esperit! (10,00 €)",2026-04-15 14:38:50,,,,,,,,,10,0.3,Laura Martin
592,333498,FALSE,Laura,Prat,,0,Laura Peat,Laura,Peat,pratbaigetlaura@gmail.com,VALID,"Abonament diumenge 12/04 (30,00 €)",2026-03-27 17:04:18,,,,,,,,,30,0.9,Laura Prat
593,338356,FALSE,Laura,Reinoso,,0,Laura Reinoso casals,Laura,Reinoso casals,unmomentsisplau@gmail.com,VALID,"Abonament divendres 17/04 (30,00 €)",2026-04-15 21:43:26,,,,,,,,,30,0.9,Laura Reinoso
594,339018,FALSE,Laura,Reinoso,,0,Laura Reinoso casals,Laura,Reinoso casals,unmomentsisplau@gmail.com,VALID,"Abonament diumenge 19/4 (excepte The Sinner) (25,00 €)",2026-04-18 10:49:06,,,,,,,,,25,0.75,Laura Reinoso
596,334689,FALSE,laura,Trefiletti,,0,laura trefiletti,laura,trefiletti,trefilasia@gmail.com,VALID,"Abonament 1r cap de setmana (60,00 €)",2026-04-03 0:24:24,,,,,,,,,60,1.8,laura Trefiletti
597,332086,FALSE,Laura,van Esch Solà,,0,Laura van Esch,Laura,van Esch,vaneschlaura@gmail.com,VALID,"Abonament dissabte 18/04 (excepte Escarlata) (35,00 €)",2026-03-21 22:45:19,,,,,,,,,35,01.05,Laura van Esch Solà
689,338252,FALSE,Laura,Martin,,0,Marco Iriarte,Marco,Iriarte,,VALID,"Dinar popular + Esperit! (10,00 €)",2026-04-15 14:38:50,,,,,,,,,10,0.3,Laura Martin
690,333897,FALSE,Laura,Martin,,0,Marco Tulio Iriarte,Marco Tulio,Iriarte,,VALID,"Abonament dissabte 18/04 (excepte Escarlata) (35,00 €)",2026-03-30 9:13:42,,,,,,,,,35,01.05,Laura Martin
707,332086,FALSE,Laura,van Esch Solà,,0,Maria Pagès,Maria,Pagès,elcorreudelamaria@gmail.com,VALID,"Abonament dissabte 18/04 (excepte Escarlata) (35,00 €)",2026-03-21 22:45:19,,,,,,,,,35,01.05,Laura van Esch Solà
1043,334778,FALSE,Laura,Arbelaez ossa,,0,Solangel Ossa,Solangel,Ossa,,VALID,"Walk in Progress (10,00 €)",2026-04-03 17:27:24,,,,,,,,,10,0.3,Laura Arbelaez ossa
1044,334778,FALSE,Laura,Arbelaez ossa,,0,Solangel Ossa,Solangel,Ossa,,VALID,"Dolores - My!Laika (12,00 €)",2026-04-03 17:27:24,,,,,,,,,12,0.36,Laura Arbelaez ossa
575,333887,FALSE,Laura Muñoz,Muñoz,,0,Laura muñoz,Laura,muñoz,laudelalunemm@gmail.com,VALID,"Abonament dissabte 18/04 (excepte Escarlata) (35,00 €)",2026-03-30 8:32:39,,,,,,,,,35,01.05,Laura Muñoz Muñoz
589,333887,FALSE,Laura Muñoz,Muñoz,,0,Laura Muñoz muñoz,Laura Muñoz,muñoz,laudelalunemm@gmail.com,VALID,"Ròdols i Cirgons - Escarlata (18.00h) (12,00 €)",2026-03-30 8:32:39,,,,,,,,,12,0.36,Laura Muñoz Muñoz
590,333887,FALSE,Laura Muñoz,Muñoz,,0,Laura Muñoz muñoz,Laura Muñoz,muñoz,laudelalunemm@gmail.com,VALID,"Dinar popular + Inutile Randonnée (10,00 €)",2026-03-30 8:32:39,,,,,,,,,10,0.3,Laura Muñoz Muñoz
598,338370,FALSE,Laurence,danthony,,0,Laurence Danthony,Laurence,Danthony,laurence.danthony@gmail.com,VALID,"Décrochez-moi ça - Bêtes de Foire (dv. 17/4) (12,00 €)",2026-04-15 22:20:31,,,,,,,,,12,0.36,Laurence danthony
1073,338370,FALSE,Laurence,danthony,,0,Toni Castaño,Toni,Castaño,laurence.danthony@gmail.com,VALID,"Décrochez-moi ça - Bêtes de Foire (dv. 17/4) (12,00 €)",2026-04-15 22:20:31,,,,,,,,,12,0.36,Laurence danthony
1104,338370,FALSE,Laurence,danthony,,0,Zoé Danthony,Zoé,Danthony,laurence.danthony@gmail.com,VALID,"Décrochez-moi ça - Bêtes de Foire (dv. 17/4) (12,00 €)",2026-04-15 22:20:31,,,,,,,,,12,0.36,Laurence danthony
36,336226,FALSE,Lea,Solera,,0,Alberto Perez,Alberto,Perez,l.solera.m@gmail.com,VALID,"Dolores - My!Laika (12,00 €)",2026-04-09 16:47:15,,,,,,,,,12,0.36,Lea Solera
599,336226,FALSE,Lea,Solera,,0,Lea Solera,Lea,Solera,l.solera.m@gmail.com,VALID,"Dolores - My!Laika (12,00 €)",2026-04-09 16:47:15,,,,,,,,,12,0.36,Lea Solera
279,336245,FALSE,Lidia,Solé Jordà,,0,David Valdellou,David,Valdellou,lidiasojo@hotmail.com,VALID,"Décrochez-moi ça - Bêtes de Foire (dv. 17/4) (12,00 €)",2026-04-09 17:42:27,,,,,,,,,12,0.36,Lidia Solé Jordà
603,336245,FALSE,Lidia,Solé Jordà,,0,Lidia Sole,Lidia,Sole,lidiasojo11@gmail.com,VALID,"Décrochez-moi ça - Bêtes de Foire (dv. 17/4) (12,00 €)",2026-04-09 17:42:27,,,,,,,,,12,0.36,Lidia Solé Jordà
893,336252,FALSE,Lidia,Solé Jordà,,0,Ona Samay Valdellou,Ona Samay,Valdellou,Lidiasojo@hotmail.com,VALID,"Décrochez-moi ça - Bêtes de Foire (dv. 17/4) (8,00 €)",2026-04-09 17:56:14,,,,,,,,,8,0.24,Lidia Solé Jordà
602,338536,FALSE,Lídia,Hinojo,,0,Lídia Hinojo,Lídia,Hinojo,hinojo.lidia@gmail.com,VALID,"Décrochez-moi ça - Bêtes de Foire (dv. 17/4) (12,00 €)",2026-04-16 18:30:04,,,,,,,,,12,0.36,Lídia Hinojo
757,338536,FALSE,Lídia,Hinojo,,0,Marta Magrans,Marta,Magrans,hinojo.lidia@gmail.com,VALID,"Décrochez-moi ça - Bêtes de Foire (dv. 17/4) (12,00 €)",2026-04-16 18:30:04,,,,,,,,,12,0.36,Lídia Hinojo
604,338409,FALSE,lisa,fourmond,,0,Lisa Fourmond,Lisa,Fourmond,lisa.fourmond@gmail.com,VALID,"Chou chou ténèbres - SPPI (12,00 €)",2026-04-15 23:52:59,,,,,,,,,12,0.36,lisa fourmond
605,338409,FALSE,lisa,fourmond,,0,lisa fourmond,lisa,fourmond,,VALID,"Muovipussi + Schlaasss (10,00 €)",2026-04-15 23:52:59,,,,,,,,,10,0.3,lisa fourmond
606,338409,FALSE,lisa,fourmond,,0,lisa fourmond,lisa,fourmond,,VALID,"Perdón (unplugged) - Los'Informalls (12,00 €)",2026-04-15 23:52:59,,,,,,,,,12,0.36,lisa fourmond
646,337848,FALSE,Lluís,Fenollar Torné,,0,Lluis Fenollar,Lluis,Fenollar,pompeuft@gmail.com,VALID,"Décrochez-moi ça - Bêtes de Foire (ds. 18/4) (12,00 €)",2026-04-13 22:49:28,,,,,,,,,12,0.36,Lluís Fenollar Torné
647,337848,FALSE,Lluís,Fenollar Torné,,0,Lluis Fenollar,Lluis,Fenollar,pompeuft@gmail.com,VALID,"Perdón (unplugged) - Los'Informalls (12,00 €)",2026-04-13 22:49:28,,,,,,,,,12,0.36,Lluís Fenollar Torné
648,338153,FALSE,Lluís,Gimeno,,0,Lluis Gimeno,Lluis,Gimeno,lluisgimeno66@gmail.com,VALID,"Abonament 2n cap de setmana (75,00 €)",2026-04-14 23:57:18,,,,,,,,,75,2.25,Lluís Gimeno
715,337848,FALSE,Lluís,Fenollar Torné,,0,Maria Valencia,Maria,Valencia,marietauiviu@gmail.com,VALID,"Décrochez-moi ça - Bêtes de Foire (ds. 18/4) (12,00 €)",2026-04-13 22:49:28,,,,,,,,,12,0.36,Lluís Fenollar Torné
716,337848,FALSE,Lluís,Fenollar Torné,,0,Maria Valencia,Maria,Valencia,marietauiviu@gmail.com,VALID,"Perdón (unplugged) - Los'Informalls (12,00 €)",2026-04-13 22:49:28,,,,,,,,,12,0.36,Lluís Fenollar Torné
979,338156,FALSE,Lluís,Gimeno,,0,Rita Gimeno,Rita,Gimeno,,VALID,"Abonament 2n cap de setmana (50,00 €)",2026-04-15 0:00:12,,,,,,,,,50,01.05,Lluís Gimeno
607,338087,FALSE,Lola,Carandell,,0,Lola Carandell,Lola,Carandell,lola.carandell@gmail.com,VALID,"Chou chou ténèbres - SPPI (12,00 €)",2026-04-14 20:49:30,,,,,,,,,12,0.36,Lola Carandell
608,338087,FALSE,Lola,Carandell,,0,Lola Carandell,Lola,Carandell,lola.carandell@gmail.com,VALID,"Muovipussi + Schlaasss (10,00 €)",2026-04-14 20:49:30,,,,,,,,,10,0.3,Lola Carandell
609,338087,FALSE,Lola,Carandell,,0,Lola Carandell,Lola,Carandell,lola.carandell@gmail.com,VALID,"Adeus - Cia. Oltrenotte (12,00 €)",2026-04-14 20:49:30,,,,,,,,,12,0.36,Lola Carandell
610,338087,FALSE,Lola,Carandell,,0,Lola Carandell,Lola,Carandell,lola.carandell@gmail.com,VALID,"Perera Elsewhere + Rafush (10,00 €)",2026-04-14 20:49:30,,,,,,,,,10,0.3,Lola Carandell
611,331011,FALSE,Lola,Stouthamer,,0,Lola Stouthamer,Lola,Stouthamer,stouthamer.lola@gmail.com,VALID,"Abonament 2n cap de setmana (75,00 €)",2026-03-17 18:37:44,,,,,,,,,75,2.25,Lola Stouthamer
612,339338,FALSE,Lola,Stouthamer,,0,Lola Stouthamer,Lola,Stouthamer,stouthamer.lola@gmail.com,VALID,"Dinar popular + Esperit! (10,00 €)",2026-04-19 12:31:53,,,,,,,,,10,0.3,Lola Stouthamer
721,338087,FALSE,Lola,Carandell,,0,Marian Morales,Marian,Morales,marianogml90@gmail.com,VALID,"Chou chou ténèbres - SPPI (12,00 €)",2026-04-14 20:49:30,,,,,,,,,12,0.36,Lola Carandell
722,338087,FALSE,Lola,Carandell,,0,Marian Morales,Marian,Morales,marianogml90@gmail.com,VALID,"Muovipussi + Schlaasss (10,00 €)",2026-04-14 20:49:30,,,,,,,,,10,0.3,Lola Carandell
723,338087,FALSE,Lola,Carandell,,0,Marian Morales,Marian,Morales,marianogml90@gmail.com,VALID,"Perera Elsewhere + Rafush (10,00 €)",2026-04-14 20:49:30,,,,,,,,,10,0.3,Lola Carandell
972,339338,FALSE,Lola,Stouthamer,,0,Ricard Brake,Ricard,Brake,stouthamer.lola@gmail.com,VALID,"Dinar popular + Esperit! (10,00 €)",2026-04-19 12:31:53,,,,,,,,,10,0.3,Lola Stouthamer
412,335480,FALSE,Lorena,Diaz,,0,Gerard Coromina,Gerard,Coromina,ldiazvera93@gmail.com,VALID,"Abonament dissabte 18/04 (excepte Escarlata) (35,00 €)",2026-04-07 11:07:43,,,,,,,,,35,01.05,Lorena Diaz
613,335217,FALSE,lorena,angenault,,0,lorena angenault,lorena,angenault,,VALID,"Abonament dissabte 11/04 (35,00 €)",2026-04-06 9:57:14,,,,,,,,,35,01.05,lorena angenault
614,335804,FALSE,lorena,angenault,,0,Lorena Angenault,Lorena,Angenault,,VALID,"Abonament divendres 10/04 (15,00 €)",2026-04-08 12:51:18,,,,,,,,,15,0.45,lorena angenault
615,335804,FALSE,lorena,angenault,,0,Lorena Angenault,Lorena,Angenault,,VALID,"Abonament diumenge 12/04 (30,00 €)",2026-04-08 12:51:18,,,,,,,,,30,0.9,lorena angenault
616,335804,FALSE,lorena,angenault,,0,Lorena Angenault,Lorena,Angenault,,VALID,"Dinar popular + Inutile Randonnée (10,00 €)",2026-04-08 12:51:18,,,,,,,,,10,0.3,lorena angenault
617,335480,FALSE,Lorena,Diaz,,0,Lorena Diaz,Lorena,Diaz,ldiazvera93@gmail.com,VALID,"Abonament dissabte 18/04 (excepte Escarlata) (35,00 €)",2026-04-07 11:07:43,,,,,,,,,35,01.05,Lorena Diaz
378,336581,FALSE,louisa,bleil,,0,Flavia Andolfi,Flavia,Andolfi,Flavia.Andolfi@gmail.com,VALID,"Décrochez-moi ça - Bêtes de Foire (dv. 17/4) (12,00 €)",2026-04-10 15:30:39,,,,,,,,,12,0.36,louisa bleil
379,336581,FALSE,louisa,bleil,,0,Flavia Andolfi,Flavia,Andolfi,Flavia.Andolfi@gmail.com,VALID,"Muovipussi + Schlaasss (10,00 €)",2026-04-10 15:30:39,,,,,,,,,10,0.3,louisa bleil
380,336581,FALSE,louisa,bleil,,0,Flavia Andolfi,Flavia,Andolfi,Flavia.Andolfi@gmail.com,VALID,"Adeus - Cia. Oltrenotte (12,00 €)",2026-04-10 15:30:39,,,,,,,,,12,0.36,louisa bleil
621,336581,FALSE,louisa,bleil,,0,louisa bleil,louisa,bleil,Louisa.bleil.email@gmail.com,VALID,"Décrochez-moi ça - Bêtes de Foire (dv. 17/4) (12,00 €)",2026-04-10 15:30:39,,,,,,,,,12,0.36,louisa bleil
622,336581,FALSE,louisa,bleil,,0,louisa bleil,louisa,bleil,louisa.bleil.email@gmail.com,VALID,"Muovipussi + Schlaasss (10,00 €)",2026-04-10 15:30:39,,,,,,,,,10,0.3,louisa bleil
623,336581,FALSE,louisa,bleil,,0,louisa bleil,louisa,bleil,louisa.bleil.email@gmail.com,VALID,"Adeus - Cia. Oltrenotte (12,00 €)",2026-04-10 15:30:39,,,,,,,,,12,0.36,louisa bleil
396,336476,FALSE,Luca,Alberti,,0,Gabriele Lecca,Gabriele,Lecca,,VALID,"Abonament divendres 10/04 (15,00 €)",2026-04-10 11:42:10,,,,,,,,,15,0.45,Luca Alberti
397,337048,FALSE,Luca,Alberti,,0,Gabriele Lecca,Gabriele,Lecca,,VALID,"Konvent Klub (10,00 €)",2026-04-11 16:35:59,,,,,,,,,10,0.3,Luca Alberti
627,336476,FALSE,Luca,Alberti,,0,Luca Alberti,Luca,Alberti,alberti.lucamail@gmail.com,VALID,"Abonament divendres 10/04 (15,00 €)",2026-04-10 11:42:10,,,,,,,,,15,0.45,Luca Alberti
628,337048,FALSE,Luca,Alberti,,0,Luca Alberti,Luca,Alberti,alberti.lucamail@gmail.com,VALID,"Konvent Klub (10,00 €)",2026-04-11 16:35:59,,,,,,,,,10,0.3,Luca Alberti
867,336476,FALSE,Luca,Alberti,,0,Nicola Lecca,Nicola,Lecca,,VALID,"Abonament divendres 10/04 (15,00 €)",2026-04-10 11:42:10,,,,,,,,,15,0.45,Luca Alberti
868,337048,FALSE,Luca,Alberti,,0,Nicola Lecca,Nicola,Lecca,,VALID,"Konvent Klub (10,00 €)",2026-04-11 16:35:59,,,,,,,,,10,0.3,Luca Alberti
629,338385,FALSE,Lucas,Araujo Castelo Branco,,0,Lucas Castelo Branco,Lucas,Castelo Branco,lucas.araujo.cb@gmail.com,VALID,"Ròdols i Cirgons - Escarlata (18.00h) (12,00 €)",2026-04-15 22:48:51,,,,,,,,,12,0.36,Lucas Araujo Castelo Branco
630,338385,FALSE,Lucas,Araujo Castelo Branco,,0,Lucas Castelo Branco,Lucas,Castelo Branco,lucas.araujo.cb@gmail.com,VALID,"Ròdols i Cirgons - Escarlata (18.00h) (12,00 €)",2026-04-15 22:48:51,,,,,,,,,12,0.36,Lucas Araujo Castelo Branco
631,338385,FALSE,Lucas,Araujo Castelo Branco,,0,Lucas Castelo Branco,Lucas,Castelo Branco,lucas.araujo.cb@gmail.com,VALID,"Chou chou ténèbres - SPPI (12,00 €)",2026-04-15 22:48:51,,,,,,,,,12,0.36,Lucas Araujo Castelo Branco
632,338385,FALSE,Lucas,Araujo Castelo Branco,,0,Lucas Castelo Branco,Lucas,Castelo Branco,lucas.araujo.cb@gmail.com,VALID,"Adeus - Cia. Oltrenotte (12,00 €)",2026-04-15 22:48:51,,,,,,,,,12,0.36,Lucas Araujo Castelo Branco
633,338385,FALSE,Lucas,Araujo Castelo Branco,,0,Lucas Castelo Branco,Lucas,Castelo Branco,lucas.araujo.cb@gmail.com,VALID,"Perdón (unplugged) - Los'Informalls (12,00 €)",2026-04-15 22:48:51,,,,,,,,,12,0.36,Lucas Araujo Castelo Branco
635,337930,FALSE,Lucia,Soto,,0,Lucia Soto,Lucia,Soto,cialusoto@gmail.com,VALID,"Abonament dijous 16/04 (20,00 €)",2026-04-14 10:46:46,,,,,,,,,20,0.6,Lucia Soto
636,337930,FALSE,Lucia,Soto,,0,Lucia Soto,Lucia,Soto,cialusoto@gmail.com,VALID,"Abonament divendres 17/04 (30,00 €)",2026-04-14 10:46:46,,,,,,,,,30,0.9,Lucia Soto
641,335604,FALSE,Luisa,Rossini,,0,Luisa Rossini,Luisa,Rossini,luisa.rossini1@gmail.com,VALID,"ROSE BIF - Sarah Anglada (12,00 €)",2026-04-07 18:51:53,,,,,,,,,12,0.36,Luisa Rossini
642,335604,FALSE,Luisa,Rossini,,0,Luisa Rossini,Luisa,Rossini,luisa.rossini1@gmail.com,VALID,"Dolores - My!Laika (12,00 €)",2026-04-07 18:51:53,,,,,,,,,12,0.36,Luisa Rossini
643,335604,FALSE,Luisa,Rossini,,0,Luisa Rossini,Luisa,Rossini,luisa.rossini1@gmail.com,VALID,"Konvent Klub (10,00 €)",2026-04-07 18:51:53,,,,,,,,,10,0.3,Luisa Rossini
644,335604,FALSE,Luisa,Rossini,,0,Luisa Rossini,Luisa,Rossini,luisa.rossini1@gmail.com,VALID,"Dinar popular + Inutile Randonnée (10,00 €)",2026-04-07 18:51:53,,,,,,,,,10,0.3,Luisa Rossini
1081,335604,FALSE,Luisa,Rossini,,0,Valentin Brega,Valentin,Brega,valentin.brega@gmail.com,VALID,"ROSE BIF - Sarah Anglada (12,00 €)",2026-04-07 18:51:53,,,,,,,,,12,0.36,Luisa Rossini
1082,335604,FALSE,Luisa,Rossini,,0,Valentin Brega,Valentin,Brega,,VALID,"Dolores - My!Laika (12,00 €)",2026-04-07 18:51:53,,,,,,,,,12,0.36,Luisa Rossini
1083,335604,FALSE,Luisa,Rossini,,0,Valentin Brega,Valentin,Brega,,VALID,"Konvent Klub (10,00 €)",2026-04-07 18:51:53,,,,,,,,,10,0.3,Luisa Rossini
1084,335604,FALSE,Luisa,Rossini,,0,Valentin Brega,Valentin,Brega,,VALID,"Dinar popular + Inutile Randonnée (10,00 €)",2026-04-07 18:51:53,,,,,,,,,10,0.3,Luisa Rossini
651,330139,FALSE,Maaike,Sturtewagen,,0,Maaike Sturtewagen,Maaike,Sturtewagen,,VALID,"Abonament dissabte 11/04 (35,00 €)",2026-03-13 11:19:16,,,,,,,,,35,01.05,Maaike Sturtewagen
1051,330139,FALSE,Maaike,Sturtewagen,,0,Tatiana Gutiérrez,Tatiana,Gutiérrez,,VALID,"Abonament dissabte 11/04 (35,00 €)",2026-03-13 11:19:16,,,,,,,,,35,01.05,Maaike Sturtewagen
655,336544,FALSE,Magdalena,Bozzani,,0,Magdalena Bozzani,Magdalena,Bozzani,magabozzani@gmail.com,VALID,"Décrochez-moi ça - Bêtes de Foire (ds. 18/4) (12,00 €)",2026-04-10 14:36:15,,,,,,,,,12,0.36,Magdalena Bozzani
656,336544,FALSE,Magdalena,Bozzani,,0,Magdalena Bozzani,Magdalena,Bozzani,magabozzani@gmail.com,VALID,"Kabaret Kontrast (10,00 €)",2026-04-10 14:36:15,,,,,,,,,10,0.3,Magdalena Bozzani
657,336544,FALSE,Magdalena,Bozzani,,0,Magdalena Rodriguez Bozzani,Magdalena,Rodriguez Bozzani,magabozzani@gmail.com,VALID,"Adeus - Cia. Oltrenotte (12,00 €)",2026-04-10 14:36:15,,,,,,,,,12,0.36,Magdalena Bozzani
660,334549,FALSE,Mai,Collins,,0,Mai Collins,Mai,Collins,maitecollins@gmail.com,VALID,"Abonament divendres 17/04 (30,00 €)",2026-04-02 9:51:31,,,,,,,,,30,0.9,Mai Collins
905,334549,FALSE,Mai,Collins,,0,Pablo Miguelez,Pablo,Miguelez,maitecollins@gmail.com,VALID,"Abonament divendres 17/04 (30,00 €)",2026-04-02 9:51:31,,,,,,,,,30,0.9,Mai Collins
498,339337,FALSE,Maite,Rosende,,0,Jordi Triola,Jordi,Triola,,VALID,"Dinar popular + Esperit! (10,00 €)",2026-04-19 12:28:08,,,,,,,,,10,0.3,Maite Rosende
664,339337,FALSE,Maite,Rosende,,0,Maite Rosende,Maite,Rosende,maiterosende.mr@gmail.com,VALID,"Dinar popular + Esperit! (10,00 €)",2026-04-19 12:28:08,,,,,,,,,10,0.3,Maite Rosende
665,335559,FALSE,Mano,Silverio,,0,Mano Silverio,Mano,Silverio,,VALID,"Abonament 2n cap de setmana (75,00 €)",2026-04-07 15:29:32,,,,,,,,,75,2.25,Mano Silverio
666,329877,FALSE,Manuel,Perger,,0,Manuel Perger,Manuel,Perger,,VALID,"Abonament 1r cap de setmana (60,00 €)",2026-03-12 9:14:14,,,,,,,,,60,1.8,Manuel Perger
1034,329878,FALSE,Manuel,Perger,,0,Sibel Perger Klein,Sibel,Perger Klein,,VALID,"Abonament 1r cap de setmana (35,00 €)",2026-03-12 9:17:49,,,,,,,,,35,01.05,Manuel Perger
667,338600,FALSE,Manuela,Montoya Ramirez,,0,Manuela Montoya Ramirez,Manuela,Montoya Ramirez,MANU.RAMIREZ1111@GMAIL.COM,VALID,"Abonament divendres 17/04 (30,00 €)",2026-04-16 22:40:14,,,,,,,,,30,0.9,Manuela Montoya Ramirez
674,338542,FALSE,Mar,Español,,0,Mar Español,Mar,Español,mareta85@hotmail.com,VALID,"Chou chou ténèbres - SPPI (12,00 €)",2026-04-16 18:50:59,,,,,,,,,12,0.36,Mar Español
675,338542,FALSE,Mar,Español,,0,Mar Español,Mar,Español,mareta85@hotmail.com,VALID,"Adeus - Cia. Oltrenotte (12,00 €)",2026-04-16 18:50:59,,,,,,,,,12,0.36,Mar Español
676,334565,FALSE,Mar,Estartús,,0,Mar Estartús Mateo,Mar,Estartús Mateo,mar.estartus.mateo@gmail.com,VALID,"Abonament 1r cap de setmana (60,00 €)",2026-04-02 12:09:22,,,,,,,,,60,1.8,Mar Estartús
852,338542,FALSE,Mar,Español,,0,Nadia Torrens,Nadia,Torrens,enedenadia00@gmail.com,VALID,"Chou chou ténèbres - SPPI (12,00 €)",2026-04-16 18:50:59,,,,,,,,,12,0.36,Mar Español
853,338542,FALSE,Mar,Español,,0,Nadia Torrens,Nadia,Torrens,enedenadia00@gmail.com,VALID,"Adeus - Cia. Oltrenotte (12,00 €)",2026-04-16 18:50:59,,,,,,,,,12,0.36,Mar Español
1074,334565,FALSE,Mar,Estartús,,0,Toni Cussó Jimenez,Toni,Cussó Jimenez,mar.estartus.mateo@gmail.com,VALID,"Abonament 1r cap de setmana (60,00 €)",2026-04-02 12:09:22,,,,,,,,,60,1.8,Mar Estartús
677,335930,FALSE,Maragda,indurain sole,,0,Maragda Indurain,Maragda,Indurain,maragda99@hotmail.es,VALID,"Abonament diumenge 12/04 (30,00 €)",2026-04-08 20:55:15,,,,,,,,,30,0.9,Maragda indurain sole
678,335930,FALSE,Maragda,indurain sole,,0,Maragda Indurain,Maragda,Indurain,,VALID,"Dolores - My!Laika (12,00 €)",2026-04-08 20:55:15,,,,,,,,,12,0.36,Maragda indurain sole
679,335930,FALSE,Maragda,indurain sole,,0,Maragda Indurain,Maragda,Indurain,,VALID,"Dinar popular + Inutile Randonnée (10,00 €)",2026-04-08 20:55:15,,,,,,,,,10,0.3,Maragda indurain sole
1031,335930,FALSE,Maragda,indurain sole,,0,Sergi Rodriguez,Sergi,Rodriguez,,VALID,"Abonament diumenge 12/04 (30,00 €)",2026-04-08 20:55:15,,,,,,,,,30,0.9,Maragda indurain sole
1032,335930,FALSE,Maragda,indurain sole,,0,Sergi Rodriguez,Sergi,Rodriguez,,VALID,"Dolores - My!Laika (12,00 €)",2026-04-08 20:55:15,,,,,,,,,12,0.36,Maragda indurain sole
1033,335930,FALSE,Maragda,indurain sole,,0,Sergi Rodriguez,Sergi,Rodriguez,,VALID,"Dinar popular + Inutile Randonnée (10,00 €)",2026-04-08 20:55:15,,,,,,,,,10,0.3,Maragda indurain sole
177,333359,FALSE,Marc,Rossell Pelfort,,0,Carla Queralt,Carla,Queralt,,VALID,"Abonament 2n cap de setmana (75,00 €)",2026-03-27 7:35:01,,,,,,,,,75,2.25,Marc Rossell Pelfort
295,333595,FALSE,Marc,Bassas,,0,Dolors Pla,Dolors,Pla,alolalp@gmail.com,VALID,"ROSE BIF - Sarah Anglada (8,00 €)",2026-03-27 21:52:11,,,,,,,,,8,0.24,Marc Bassas
680,337303,FALSE,Marc,Dalmasso,,0,Marc Dalmasso,Marc,Dalmasso,marcdabl.tux@gmail.com,VALID,"Dinar popular + Esperit! (10,00 €)",2026-04-12 11:12:49,,,,,,,,,10,0.3,Marc Dalmasso
681,333595,FALSE,Marc,Bassas,,0,Marc Bassas,Marc,Bassas,marcbassas@gmail.com,VALID,"ROSE BIF - Sarah Anglada (8,00 €)",2026-03-27 21:52:11,,,,,,,,,8,0.24,Marc Bassas
683,330693,FALSE,Marc,Dalmasso,,0,Marc Dalmasso,Marc,Dalmasso,marcdabl.tux@gmail.com,VALID,"Abonament 2n cap de setmana (75,00 €)",2026-03-15 23:45:49,,,,,,,,,75,2.25,Marc Dalmasso
686,333359,FALSE,Marc,Rossell Pelfort,,0,Marc Rossell Pelfort,Marc,Rossell Pelfort,marcrossellpelfort@gmail.com,VALID,"Abonament 2n cap de setmana (75,00 €)",2026-03-27 7:35:01,,,,,,,,,75,2.25,Marc Rossell Pelfort
863,333595,FALSE,Marc,Bassas,,0,Neus Bassas,Neus,Bassas,alolalp@gmail.com,VALID,"ROSE BIF - Sarah Anglada (8,00 €)",2026-03-27 21:52:11,,,,,,,,,8,0.24,Marc Bassas
930,333595,FALSE,Marc,Bassas,,0,Pere Bassas,Pere,Bassas,marcbassas@gmail.com,VALID,"ROSE BIF - Sarah Anglada (8,00 €)",2026-03-27 21:52:11,,,,,,,,,8,0.24,Marc Bassas
174,335412,FALSE,Marcia,Mainetti,,0,Camila Soto,Camila,Soto,milasotoiaco@gmail.com,VALID,"Dinar popular + Inutile Randonnée (10,00 €)",2026-04-06 22:05:08,,,,,,,,,10,0.3,Marcia Mainetti
571,335412,FALSE,Marcia,Mainetti,,0,Lara Abram,Lara,Abram,mainettimar@gmail.com,VALID,"Dinar popular + Inutile Randonnée (10,00 €)",2026-04-06 22:05:08,,,,,,,,,10,0.3,Marcia Mainetti
688,335412,FALSE,Marcia,Mainetti,,0,Marcia Mainetti,Marcia,Mainetti,mainettimar@gmail.com,VALID,"Dinar popular + Inutile Randonnée (10,00 €)",2026-04-06 22:05:08,,,,,,,,,10,0.3,Marcia Mainetti
694,338118,FALSE,Marga,Martinez Romeral,,0,Margarita Martinez Romeral,Margarita,Martinez Romeral,marga.romeral@gmail.com,VALID,"Perera Elsewhere + Rafush (10,00 €)",2026-04-14 22:05:19,,,,,,,,,10,0.3,Marga Martinez Romeral
695,338118,FALSE,Marga,Martinez Romeral,,0,Margarita Martinez Romeral,Margarita,Martinez Romeral,marga.romeral@gmail.com,VALID,"Dinar popular + Esperit! (10,00 €)",2026-04-14 22:05:19,,,,,,,,,10,0.3,Marga Martinez Romeral
728,334238,FALSE,mari.nettegg@gmail.com,González,,0,Marinette Gonzalez Garcia,Marinette,Gonzalez Garcia,mari.nettegg@gmail.com,VALID,"Abonament dissabte 18/04 (excepte Escarlata) (35,00 €)",2026-03-31 21:07:06,,,,,,,,,35,01.05,mari.nettegg@gmail.com González
17,335639,FALSE,MARIA,LLORENS,,0,ALAN ABARDIA,ALAN,ABARDIA,ionaiens@gmail.com,VALID,"Dolores - My!Laika (12,00 €)",2026-04-07 20:06:52,,,,,,,,,12,0.36,MARIA LLORENS
92,338819,FALSE,Maria,Costa Ferrer,,0,Angelina Ferrer,Angelina,Ferrer,,VALID,"Kabaret Kontrast (10,00 €)",2026-04-17 17:22:18,,,,,,,,,10,0.3,Maria Costa Ferrer
191,335639,FALSE,MARIA,LLORENS,,0,CARME SANTEULÀRIA,CARME,SANTEULÀRIA,ionaiens@gmail.com,VALID,"Dolores - My!Laika (12,00 €)",2026-04-07 20:06:52,,,,,,,,,12,0.36,MARIA LLORENS
319,335651,FALSE,Maria,Ros Piqueras,,0,Elies Miralpeix Bosch,Elies,Miralpeix Bosch,mros18@xtec.cat,VALID,"Abonament divendres 17/04 (30,00 €)",2026-04-07 20:33:47,,,,,,,,,30,0.9,Maria Ros Piqueras
320,335651,FALSE,Maria,Ros Piqueras,,0,Elies Miralpeix Bosch,Elies,Miralpeix Bosch,mros18@xtec.cat,VALID,"Abonament dissabte 18/04 (excepte Escarlata) (35,00 €)",2026-04-07 20:33:47,,,,,,,,,35,01.05,Maria Ros Piqueras
505,338819,FALSE,Maria,Costa Ferrer,,0,Jordi Claramunt,Jordi,Claramunt,costaferrermaria@gmail.com,VALID,"Kabaret Kontrast (10,00 €)",2026-04-17 17:22:18,,,,,,,,,10,0.3,Maria Costa Ferrer
637,335847,FALSE,Maria,Griño,,0,Lucho Verdes,Lucho,Verdes,luchoverdes@gmail.com,VALID,"Abonament divendres 17/04 (30,00 €)",2026-04-08 15:39:54,,,,,,,,,30,0.9,Maria Griño
699,335651,FALSE,Maria,Ros Piqueras,,0,Maria Ros Piqueras,Maria,Ros Piqueras,mros18@xtec.cat,VALID,"Abonament divendres 17/04 (30,00 €)",2026-04-07 20:33:47,,,,,,,,,30,0.9,Maria Ros Piqueras
701,333639,FALSE,Maria,Campanya,,0,Maria Campanya,Maria,Campanya,campanya.llovet@gmail.com,VALID,"Abonament diumenge 12/04 (30,00 €)",2026-03-28 10:23:40,,,,,,,,,30,0.9,Maria Campanya
702,338819,FALSE,Maria,Costa Ferrer,,0,Maria Costa,Maria,Costa,costaferrermaria@gmail.com,VALID,"Kabaret Kontrast (10,00 €)",2026-04-17 17:22:18,,,,,,,,,10,0.3,Maria Costa Ferrer
703,335847,FALSE,Maria,Griño,,0,Maria Griñó,Maria,Griñó,macedonia.m8@gmail.com,VALID,"Abonament divendres 17/04 (30,00 €)",2026-04-08 15:39:54,,,,,,,,,30,0.9,Maria Griño
705,335639,FALSE,MARIA,LLORENS,,0,MARIA LLORENS,MARIA,LLORENS,ionaiens@gmail.com,VALID,"Dolores - My!Laika (12,00 €)",2026-04-07 20:06:52,,,,,,,,,12,0.36,MARIA LLORENS
712,335651,FALSE,Maria,Ros Piqueras,,0,Maria Ros Piqueras,Maria,Ros Piqueras,mros18@xtec.cat,VALID,"Abonament dissabte 18/04 (excepte Escarlata) (35,00 €)",2026-04-07 20:33:47,,,,,,,,,35,01.05,Maria Ros Piqueras
717,335885,FALSE,maria,vernet,,0,maria vernet,maria,vernet,mariavernet@icloud.com,VALID,"Décrochez-moi ça - Bêtes de Foire (ds. 18/4) (12,00 €)",2026-04-08 17:58:18,,,,,,,,,12,0.36,maria vernet
718,335885,FALSE,maria,vernet,,0,maria vernet,maria,vernet,mariavernet@icloud.com,VALID,"Perdón (unplugged) - Los'Informalls (12,00 €)",2026-04-08 17:58:18,,,,,,,,,12,0.36,maria vernet
719,335885,FALSE,maria,vernet,,0,maria vernet,maria,vernet,mariavernet@icloud.com,VALID,"Perera Elsewhere + Rafush (10,00 €)",2026-04-08 17:58:18,,,,,,,,,10,0.3,maria vernet
720,338566,FALSE,maria,villate,,0,Maria Villate,Maria,Villate,villatemaria@hotmail.com,VALID,"Abonament divendres 17/04 (30,00 €)",2026-04-16 20:24:09,,,,,,,,,30,0.9,maria villate
854,335642,FALSE,MARIA,LLORENS,,0,Naia Abardia,Naia,Abardia,ionaiens@gmail.com,VALID,"Dolores - My!Laika (8,00 €)",2026-04-07 20:09:15,,,,,,,,,8,0.24,MARIA LLORENS
902,335885,FALSE,maria,vernet,,0,ousmane kandeh,ousmane,kandeh,mariavernet@icloud.com,VALID,"Décrochez-moi ça - Bêtes de Foire (ds. 18/4) (12,00 €)",2026-04-08 17:58:18,,,,,,,,,12,0.36,maria vernet
903,335885,FALSE,maria,vernet,,0,ousmane kandeh,ousmane,kandeh,mariavernet@icloud.com,VALID,"Perdón (unplugged) - Los'Informalls (12,00 €)",2026-04-08 17:58:18,,,,,,,,,12,0.36,maria vernet
904,335885,FALSE,maria,vernet,,0,ousmane kandeh,ousmane,kandeh,mariavernet@icloud.com,VALID,"Perera Elsewhere + Rafush (10,00 €)",2026-04-08 17:58:18,,,,,,,,,10,0.3,maria vernet
917,335639,FALSE,MARIA,LLORENS,,0,PAU LLORENS,PAU,LLORENS,ionaiens@gmail.com,VALID,"Dolores - My!Laika (12,00 €)",2026-04-07 20:06:52,,,,,,,,,12,0.36,MARIA LLORENS
918,335642,FALSE,MARIA,LLORENS,,0,Pau Poll,Pau,Poll,ionaiens@gmail.com,VALID,"Dolores - My!Laika (8,00 €)",2026-04-07 20:09:15,,,,,,,,,8,0.24,MARIA LLORENS
1050,335642,FALSE,MARIA,LLORENS,,0,Tanit Poll,Tanit,Poll,ionaiens@gmail.com,VALID,"Dolores - My!Laika (8,00 €)",2026-04-07 20:09:15,,,,,,,,,8,0.24,MARIA LLORENS
271,331513,FALSE,Maria João,Ferreira,,0,david fernandes,david,fernandes,davidalexfernandes@gmail.com,VALID,"Abonament 1r cap de setmana (60,00 €)",2026-03-19 18:37:29,,,,,,,,,60,1.8,Maria João Ferreira
704,329857,FALSE,Maria João,Ferreira,,0,Maria João Ferreira,Maria João,Ferreira,mariajoaoferreira52@gmail.com,VALID,"Abonament 1r cap de setmana (60,00 €)",2026-03-12 0:03:30,,,,,,,,,60,1.8,Maria João Ferreira
1079,329857,FALSE,Maria João,Ferreira,,0,Ulrich Reichardt,Ulrich,Reichardt,mariajoaoferreira52@gmail.com,VALID,"Abonament 1r cap de setmana (60,00 €)",2026-03-12 0:03:30,,,,,,,,,60,1.8,Maria João Ferreira
708,336378,FALSE,maria paz,marciano,,0,Maria Paz Marciano,Maria Paz,Marciano,mariapazmarciano@gmail.com,VALID,"Abonament divendres 10/04 (15,00 €)",2026-04-10 0:51:31,,,,,,,,,15,0.45,maria paz marciano
709,336378,FALSE,maria paz,marciano,,0,Maria Paz Marciano,Maria Paz,Marciano,mariapazmarciano@gmail.com,VALID,"Dolores - My!Laika (12,00 €)",2026-04-10 0:51:31,,,,,,,,,12,0.36,maria paz marciano
710,336378,FALSE,maria paz,marciano,,0,Maria Paz Marciano,Maria Paz,Marciano,mariapazmarciano@gmail.com,VALID,"Konvent Klub (10,00 €)",2026-04-10 0:51:31,,,,,,,,,10,0.3,maria paz marciano
711,339056,FALSE,maria paz,marciano,,0,maria paz marciano,maria paz,marciano,mariapazmarciano@gmail.com,VALID,"Perdón (unplugged) - Los'Informalls (12,00 €)",2026-04-18 12:40:10,,,,,,,,,12,0.36,maria paz marciano
724,338160,FALSE,Mariano,Morales López,,0,Marian Morales,Marian,Morales,marianogml90@gmail.com,VALID,"Perdón (unplugged) - Los'Informalls (12,00 €)",2026-04-15 0:23:15,,,,,,,,,12,0.36,Mariano Morales López
729,338723,FALSE,Marion,Taylor,,0,Marion Taylor,Marion,Taylor,marion.taylor@hotmail.fr,VALID,"Abonament diumenge 19/4 (excepte The Sinner) (15,00 €)",2026-04-17 12:32:42,,,,,,,,,15,0.45,Marion Taylor
730,339344,FALSE,Marion,Taylor,,0,Marion Taylor,Marion,Taylor,marion.taylor@hotmail.fr,VALID,"Dinar popular + Esperit! (10,00 €)",2026-04-19 12:58:35,,,,,,,,,10,0.3,Marion Taylor
1085,338723,FALSE,Marion,Taylor,,0,Vasco Taylor,Vasco,Taylor,marion.taylor@hotmail.fr,VALID,"Abonament diumenge 19/4 (excepte The Sinner) (15,00 €)",2026-04-17 12:32:42,,,,,,,,,15,0.45,Marion Taylor
1086,339344,FALSE,Marion,Taylor,,0,Vasco Taylor,Vasco,Taylor,marion.taylor@hotmail.fr,VALID,"Dinar popular + Esperit! (10,00 €)",2026-04-19 12:58:35,,,,,,,,,10,0.3,Marion Taylor
584,335055,FALSE,Mariona,Ferrer Claret,,0,Laura Galopa Alier,Laura,Galopa Alier,lgalopa@gmail.com,VALID,"Abonament dissabte 11/04 (35,00 €)",2026-04-05 13:10:49,,,,,,,,,35,01.05,Mariona Ferrer Claret
731,336263,FALSE,Mariona,Codina Corrons,,0,Mariona Codina Corrons,Mariona,Codina Corrons,marionacoco@gmail.com,VALID,"Queerass(è) - Mau Cugat (12,00 €)",2026-04-09 18:50:12,,,,,,,,,12,0.36,Mariona Codina Corrons
732,336263,FALSE,Mariona,Codina Corrons,,0,Mariona Codina Corrons,Mariona,Codina Corrons,marionacoco@gmail.com,VALID,"Décrochez-moi ça - Bêtes de Foire (dv. 17/4) (12,00 €)",2026-04-09 18:50:12,,,,,,,,,12,0.36,Mariona Codina Corrons
733,336263,FALSE,Mariona,Codina Corrons,,0,Mariona Codina Corrons,Mariona,Codina Corrons,marionacoco@gmail.com,VALID,"Perdón (unplugged) - Los'Informalls (12,00 €)",2026-04-09 18:50:12,,,,,,,,,12,0.36,Mariona Codina Corrons
734,336263,FALSE,Mariona,Codina Corrons,,0,Mariona Codina Corrons,Mariona,Codina Corrons,marionacoco@gmail.com,VALID,"Rubbish Rabbit - Tony Clifton (12,00 €)",2026-04-09 18:50:12,,,,,,,,,12,0.36,Mariona Codina Corrons
735,336263,FALSE,Mariona,Codina Corrons,,0,Mariona Codina Corrons,Mariona,Codina Corrons,marionacoco@gmail.com,VALID,"Kabaret Kontrast (10,00 €)",2026-04-09 18:50:12,,,,,,,,,10,0.3,Mariona Codina Corrons
736,335055,FALSE,Mariona,Ferrer Claret,,0,Mariona Ferrer Claret,Mariona,Ferrer Claret,mariona.ferrer.claret@gmail.com,VALID,"Abonament dissabte 11/04 (35,00 €)",2026-04-05 13:10:49,,,,,,,,,35,01.05,Mariona Ferrer Claret
773,336263,FALSE,Mariona,Codina Corrons,,0,Martí Villegas Pons,Martí,Villegas Pons,martivipo@gmail.com,VALID,"Queerass(è) - Mau Cugat (12,00 €)",2026-04-09 18:50:12,,,,,,,,,12,0.36,Mariona Codina Corrons
774,336263,FALSE,Mariona,Codina Corrons,,0,Martí Villegas Pons,Martí,Villegas Pons,martivipo@gmail.com,VALID,"Décrochez-moi ça - Bêtes de Foire (dv. 17/4) (12,00 €)",2026-04-09 18:50:12,,,,,,,,,12,0.36,Mariona Codina Corrons
775,336263,FALSE,Mariona,Codina Corrons,,0,Martí Villegas Pons,Martí,Villegas Pons,martivipo@gmail.com,VALID,"Perdón (unplugged) - Los'Informalls (12,00 €)",2026-04-09 18:50:12,,,,,,,,,12,0.36,Mariona Codina Corrons
776,336263,FALSE,Mariona,Codina Corrons,,0,Martí Villegas Pons,Martí,Villegas Pons,martivipo@gmail.com,VALID,"Rubbish Rabbit - Tony Clifton (12,00 €)",2026-04-09 18:50:12,,,,,,,,,12,0.36,Mariona Codina Corrons
787,335055,FALSE,Mariona,Ferrer Claret,,0,Mercè Casamada Aguiran,Mercè,Casamada Aguiran,merce_dts@hotmail.com,VALID,"Abonament dissabte 11/04 (35,00 €)",2026-04-05 13:10:49,,,,,,,,,35,01.05,Mariona Ferrer Claret
739,336965,FALSE,Marissa,Suadad,,0,Marissa Suadas Martinez,Marissa,Suadas Martinez,msuadas@gmail.com,VALID,"Abonament diumenge 12/04 (30,00 €)",2026-04-11 13:17:42,,,,,,,,,30,0.9,Marissa Suadad
726,339178,FALSE,Markel,Ramos,,0,Marie Bellois,Marie,Bellois,,VALID,"Abonament diumenge 19/4 (excepte The Sinner) (25,00 €)",2026-04-18 17:54:14,,,,,,,,,25,0.75,Markel Ramos
740,339178,FALSE,Markel,Ramos,,0,Markel Ramos,Markel,Ramos,,VALID,"Abonament diumenge 19/4 (excepte The Sinner) (25,00 €)",2026-04-18 17:54:14,,,,,,,,,25,0.75,Markel Ramos
922,339178,FALSE,Markel,Ramos,,0,Paula Gonzalez,Paula,Gonzalez,,VALID,"Abonament diumenge 19/4 (excepte The Sinner) (25,00 €)",2026-04-18 17:54:14,,,,,,,,,25,0.75,Markel Ramos
1041,339178,FALSE,Markel,Ramos,,0,Sira Plans,Sira,Plans,,VALID,"Abonament diumenge 19/4 (excepte The Sinner) (25,00 €)",2026-04-18 17:54:14,,,,,,,,,25,0.75,Markel Ramos
65,334964,FALSE,Marta,Navarro,,0,Amat Molero,Amat,Molero,,VALID,"Dinar popular + Inutile Randonnée (10,00 €)",2026-04-04 21:34:22,,,,,,,,,10,0.3,Marta Navarro
73,334925,FALSE,Marta,Villanueva Lozano,,0,Ana Plazas Martinez,Ana,Plazas Martinez,,VALID,"Perera Elsewhere + Rafush (10,00 €)",2026-04-04 16:51:50,,,,,,,,,10,0.3,Marta Villanueva Lozano
76,334925,FALSE,Marta,Villanueva Lozano,,0,Ana Plazas Martinez,Ana,Plazas Martinez,,VALID,"Abonament diumenge 19/4 (excepte The Sinner) (25,00 €)",2026-04-04 16:51:50,,,,,,,,,25,0.75,Marta Villanueva Lozano
77,334925,FALSE,Marta,Villanueva Lozano,,0,Ana Plazas Martinez,Ana,Plazas Martinez,,VALID,"Perdón (unplugged) - Los'Informalls (12,00 €)",2026-04-04 16:51:50,,,,,,,,,12,0.36,Marta Villanueva Lozano
132,337482,FALSE,Marta,Foncillas,,0,Arnau Belloc,Arnau,Belloc,martafonci@hotmail.com,VALID,"CRU LAB (10,00 €)",2026-04-12 19:32:24,,,,,,,,,10,0.3,Marta Foncillas
152,338348,FALSE,Marta,Sanchez,,0,Bel Martinez,Bel,Martinez,martalagironina@gmail.com,VALID,"Dinar popular + Esperit! (10,00 €)",2026-04-15 21:05:43,,,,,,,,,10,0.3,Marta Sanchez
153,338348,FALSE,Marta,Sanchez,,0,Bel Martinez,Bel,Martinez,martalagironina@gmail.com,VALID,"Décrochez-moi ça - Bêtes de Foire (ds. 18/4) (12,00 €)",2026-04-15 21:05:43,,,,,,,,,12,0.36,Marta Sanchez
154,338348,FALSE,Marta,Sanchez,,0,Bel Martinez trepat,Bel,Martinez trepat,martalagironina@gmail.com,VALID,"Perera Elsewhere + Rafush (10,00 €)",2026-04-15 21:05:43,,,,,,,,,10,0.3,Marta Sanchez
198,337414,FALSE,Marta,Casa Batlle,,0,Casanova Batlle Casanova Batlle,Casanova Batlle,Casanova Batlle,mcasanovabatlle@gmail.com,VALID,"Abonament divendres 17/04 (30,00 €)",2026-04-12 16:18:18,,,,,,,,,30,0.9,Marta Casa Batlle
203,334485,FALSE,Marta,Rodriguez,,0,Cecila roche,Cecila,roche,martarp82@gmail.com,VALID,"Dolores - My!Laika (12,00 €)",2026-04-01 19:47:00,,,,,,,,,12,0.36,Marta Rodriguez
209,334485,FALSE,Marta,Rodriguez,,0,Cecilia Roche,Cecilia,Roche,martarp82@gmail.com,VALID,"Walk in Progress (10,00 €)",2026-04-01 19:47:00,,,,,,,,,10,0.3,Marta Rodriguez
210,334485,FALSE,Marta,Rodriguez,,0,Cecilia Roche,Cecilia,Roche,martarp82@gmail.com,VALID,"ROSE BIF - Sarah Anglada (12,00 €)",2026-04-01 19:47:00,,,,,,,,,12,0.36,Marta Rodriguez
280,337481,FALSE,Marta,Cardona,,0,Debora Calveras,Debora,Calveras,marta.romero.cardona@gmail.com,VALID,"Décrochez-moi ça - Bêtes de Foire (ds. 18/4) (12,00 €)",2026-04-12 19:34:01,,,,,,,,,12,0.36,Marta Cardona
460,335300,FALSE,Marta,Triviño,,0,Jasmina Serri camproví,Jasmina,Serri camproví,martonatrivi@gmail.com,VALID,"Walk in Progress (10,00 €)",2026-04-06 15:41:12,,,,,,,,,10,0.3,Marta Triviño
682,334724,FALSE,Marta,Lliró,,0,Marc Baylina,Marc,Baylina,baylinamarc@gmail.com,VALID,"Décrochez-moi ça - Bêtes de Foire (dv. 10/4) (12,00 €)",2026-04-03 10:51:36,,,,,,,,,12,0.36,Marta Lliró
697,334485,FALSE,Marta,Rodriguez,,0,Maria molinas,Maria,molinas,martarp82@gmail.com,VALID,"Walk in Progress (10,00 €)",2026-04-01 19:47:00,,,,,,,,,10,0.3,Marta Rodriguez
698,334485,FALSE,Marta,Rodriguez,,0,Maria Molinas,Maria,Molinas,martarp82@gmail.com,VALID,"ROSE BIF - Sarah Anglada (12,00 €)",2026-04-01 19:47:00,,,,,,,,,12,0.36,Marta Rodriguez
700,335301,FALSE,Marta,Triviño,,0,Maria Amorós Triviño,Maria,Amorós Triviño,martonatrivi@gmail.com,VALID,"Walk in Progress (6,00 €)",2026-04-06 15:45:11,,,,,,,,,6,0.18,Marta Triviño
706,334485,FALSE,Marta,Rodriguez,,0,Maria Molinas,Maria,Molinas,martarp82@gmail.com,VALID,"Dolores - My!Laika (12,00 €)",2026-04-01 19:47:00,,,,,,,,,12,0.36,Marta Rodriguez
744,334485,FALSE,Marta,Rodriguez,,0,Marta Rodriguez,Marta,Rodriguez,martarp82@gmail.com,VALID,"Walk in Progress (10,00 €)",2026-04-01 19:47:00,,,,,,,,,10,0.3,Marta Rodriguez
745,334485,FALSE,Marta,Rodriguez,,0,Marta Rodriguez,Marta,Rodriguez,martarp82@gmail.com,VALID,"ROSE BIF - Sarah Anglada (12,00 €)",2026-04-01 19:47:00,,,,,,,,,12,0.36,Marta Rodriguez
746,334925,FALSE,Marta,Villanueva Lozano,,0,Marta Villanueva Lozano,Marta,Villanueva Lozano,,VALID,"Perdón (unplugged) - Los'Informalls (12,00 €)",2026-04-04 16:51:50,,,,,,,,,12,0.36,Marta Villanueva Lozano
747,334925,FALSE,Marta,Villanueva Lozano,,0,Marta Villanueva Lozano,Marta,Villanueva Lozano,,VALID,"Perera Elsewhere + Rafush (10,00 €)",2026-04-04 16:51:50,,,,,,,,,10,0.3,Marta Villanueva Lozano
750,338843,FALSE,marta,branchat,,0,marta branchat,marta,branchat,,VALID,"Adeus - Cia. Oltrenotte (12,00 €)",2026-04-17 17:52:43,,,,,,,,,12,0.36,marta branchat
751,338843,FALSE,marta,branchat,,0,marta branchat,marta,branchat,,VALID,"Perdón (unplugged) - Los'Informalls (12,00 €)",2026-04-17 17:52:43,,,,,,,,,12,0.36,marta branchat
752,338843,FALSE,marta,branchat,,0,marta branchat,marta,branchat,,VALID,"Perera Elsewhere + Rafush (10,00 €)",2026-04-17 17:52:43,,,,,,,,,10,0.3,marta branchat
753,337481,FALSE,Marta,Cardona,,0,Marta Cardona,Marta,Cardona,marta.romero.cardona@gmail.com,VALID,"Décrochez-moi ça - Bêtes de Foire (ds. 18/4) (12,00 €)",2026-04-12 19:34:01,,,,,,,,,12,0.36,Marta Cardona
754,337482,FALSE,Marta,Foncillas,,0,Marta Foncillas,Marta,Foncillas,martafonci@hotmail.com,VALID,"CRU LAB (10,00 €)",2026-04-12 19:32:24,,,,,,,,,10,0.3,Marta Foncillas
756,334724,FALSE,Marta,Lliró,,0,Marta Lliró,Marta,Lliró,martalliro@gmail.com,VALID,"Décrochez-moi ça - Bêtes de Foire (dv. 10/4) (12,00 €)",2026-04-03 10:51:36,,,,,,,,,12,0.36,Marta Lliró
758,334964,FALSE,Marta,Navarro,,0,Marta Navarro,Marta,Navarro,martantua@gmail.com,VALID,"Dinar popular + Inutile Randonnée (10,00 €)",2026-04-04 21:34:22,,,,,,,,,10,0.3,Marta Navarro
761,334485,FALSE,Marta,Rodriguez,,0,Marta Rodriguez,Marta,Rodriguez,martarp82@gmail.com,VALID,"Dolores - My!Laika (12,00 €)",2026-04-01 19:47:00,,,,,,,,,12,0.36,Marta Rodriguez
762,338348,FALSE,Marta,Sanchez,,0,Marta Sanchez,Marta,Sanchez,martalagironina@gmail.com,VALID,"Perera Elsewhere + Rafush (10,00 €)",2026-04-15 21:05:43,,,,,,,,,10,0.3,Marta Sanchez
763,338348,FALSE,Marta,Sanchez,,0,Marta Sanchez,Marta,Sanchez,martalagironina@gmail.com,VALID,"Dinar popular + Esperit! (10,00 €)",2026-04-15 21:05:43,,,,,,,,,10,0.3,Marta Sanchez
764,338348,FALSE,Marta,Sanchez,,0,Marta Sanchez soto,Marta,Sanchez soto,martalagironina@gmail.com,VALID,"Décrochez-moi ça - Bêtes de Foire (ds. 18/4) (12,00 €)",2026-04-15 21:05:43,,,,,,,,,12,0.36,Marta Sanchez
766,335300,FALSE,Marta,Triviño,,0,Marta Triviño Rotchés,Marta,Triviño Rotchés,martonatrivi@gmail.com,VALID,"Walk in Progress (10,00 €)",2026-04-06 15:41:12,,,,,,,,,10,0.3,Marta Triviño
767,334925,FALSE,Marta,Villanueva Lozano,,0,Marta Villanueva Lozano,Marta,Villanueva Lozano,martickapirineos@gmail.com,VALID,"Abonament diumenge 19/4 (excepte The Sinner) (25,00 €)",2026-04-04 16:51:50,,,,,,,,,25,0.75,Marta Villanueva Lozano
772,337481,FALSE,Marta,Cardona,,0,Marti Santamaria,Marti,Santamaria,marta.romero.cardona@gmail.com,VALID,"Décrochez-moi ça - Bêtes de Foire (ds. 18/4) (12,00 €)",2026-04-12 19:34:01,,,,,,,,,12,0.36,Marta Cardona
799,334485,FALSE,Marta,Rodriguez,,0,Miguel Diaz,Miguel,Diaz,martarp82@gmail.com,VALID,"Walk in Progress (10,00 €)",2026-04-01 19:47:00,,,,,,,,,10,0.3,Marta Rodriguez
800,334485,FALSE,Marta,Rodriguez,,0,Miguel Diaz,Miguel,Diaz,martarp82@gmail.com,VALID,"ROSE BIF - Sarah Anglada (12,00 €)",2026-04-01 19:47:00,,,,,,,,,12,0.36,Marta Rodriguez
801,334485,FALSE,Marta,Rodriguez,,0,Miguel Diaz,Miguel,Diaz,martarp82@gmail.com,VALID,"Dolores - My!Laika (12,00 €)",2026-04-01 19:47:00,,,,,,,,,12,0.36,Marta Rodriguez
226,337362,FALSE,Martina,Pisano,,0,Clara Larcher,Clara,Larcher,,VALID,"CRU LAB (10,00 €)",2026-04-12 14:15:40,,,,,,,,,10,0.3,Martina Pisano
778,338351,FALSE,Martina,Franchi,,0,Martina Franchi,Martina,Franchi,mfranchi457@gmail.com,VALID,"Abonament divendres 17/04 (30,00 €)",2026-04-15 21:18:38,,,,,,,,,30,0.9,Martina Franchi
779,337362,FALSE,Martina,Pisano,,0,Martina Pisano,Martina,Pisano,,VALID,"CRU LAB (10,00 €)",2026-04-12 14:15:40,,,,,,,,,10,0.3,Martina Pisano
781,339325,FALSE,Masha,Chiarini,,0,Masha Chiarini,Masha,Chiarini,wearemakay@gmail.com,VALID,"Rubbish Rabbit - Tony Clifton (12,00 €)",2026-04-19 11:58:32,,,,,,,,,12,0.36,Masha Chiarini
782,339325,FALSE,Masha,Chiarini,,0,Masha Chiarini,Masha,Chiarini,wearemakay@gmail.com,VALID,"Kabaret Kontrast (10,00 €)",2026-04-19 11:58:32,,,,,,,,,10,0.3,Masha Chiarini
783,337847,FALSE,matteo,di marco,,0,Matteo Di Marco,Matteo,Di Marco,matteodm81@gmail.com,VALID,"Abonament divendres 17/04 (30,00 €)",2026-04-13 22:48:04,,,,,,,,,30,0.9,matteo di marco
486,339148,FALSE,Max,Walker,,0,Joan Giralt,Joan,Giralt,maxwalkper@gmail.com,VALID,"Perera Elsewhere + Rafush (10,00 €)",2026-04-18 16:39:27,,,,,,,,,10,0.3,Max Walker
785,339118,FALSE,Max,Walker,,0,Max Walker,Max,Walker,maxwalkper@gmail.com,VALID,"Perdón (unplugged) - Los'Informalls (12,00 €)",2026-04-18 15:16:05,,,,,,,,,12,0.36,Max Walker
786,339148,FALSE,Max,Walker,,0,Max Walker,Max,Walker,maxwalkper@gmail.com,VALID,"Perera Elsewhere + Rafush (10,00 €)",2026-04-18 16:39:27,,,,,,,,,10,0.3,Max Walker
131,336431,FALSE,Merce,Moreno Sagalés,,0,Ariana Moreno Sagales,Ariana,Moreno Sagales,morenosagales.mercedes@gmail.com,VALID,"Abonament divendres 10/04 (15,00 €)",2026-04-10 10:03:33,,,,,,,,,15,0.45,Merce Moreno Sagalés
159,336431,FALSE,Merce,Moreno Sagalés,,0,Bernardi Casals Algue,Bernardi,Casals Algue,morenosagales.mercedes@gmail.com,VALID,"Abonament divendres 10/04 (15,00 €)",2026-04-10 10:03:33,,,,,,,,,15,0.45,Merce Moreno Sagalés
793,336431,FALSE,Merce,Moreno Sagalés,,0,Mercedes Moreno Sagales,Mercedes,Moreno Sagales,morenosagales.mercedes@gmail.com,VALID,"Abonament divendres 10/04 (15,00 €)",2026-04-10 10:03:33,,,,,,,,,15,0.45,Merce Moreno Sagalés
788,338429,FALSE,Mercè,Falip Sabartés,,0,Mercè Falip Sabartés,Mercè,Falip Sabartés,mercequatre@gmail.com,VALID,"Abonament 2n cap de setmana (75,00 €)",2026-04-16 8:59:00,,,,,,,,,75,2.25,Mercè Falip Sabartés
789,336000,FALSE,Mercè,Garcia Olivella,,0,Mercè Roe Ribas,Mercè,Roe Ribas,mgarc566@xtec.cat,VALID,"Ròdols i cigrons - Escarlata (15.30h) (12,00 €)",2026-04-09 0:07:32,,,,,,,,,12,0.36,Mercè Garcia Olivella
790,336000,FALSE,Mercè,Garcia Olivella,,0,Mercè Roe Ribas,Mercè,Roe Ribas,mgarc566@xtec.cat,VALID,"Décrochez-moi ça - Bêtes de Foire (ds. 18/4) (12,00 €)",2026-04-09 0:07:32,,,,,,,,,12,0.36,Mercè Garcia Olivella
791,336000,FALSE,Mercè,Garcia Olivella,,0,Mercè Garcia Olivella,Mercè,Garcia Olivella,mgarc566@xtec.cat,VALID,"Ròdols i cigrons - Escarlata (15.30h) (12,00 €)",2026-04-09 0:07:32,,,,,,,,,12,0.36,Mercè Garcia Olivella
792,336000,FALSE,Mercè,Garcia Olivella,,0,Mercè Garcia Olivella,Mercè,Garcia Olivella,mgarc566@xtec.cat,VALID,"Décrochez-moi ça - Bêtes de Foire (ds. 18/4) (12,00 €)",2026-04-09 0:07:32,,,,,,,,,12,0.36,Mercè Garcia Olivella
413,335261,FALSE,Meritxell,Soler Cos,,0,Gisela Margarit Torres,Gisela,Margarit Torres,gisela13@yahoo.com,VALID,"Dolores - My!Laika (12,00 €)",2026-04-06 13:25:32,,,,,,,,,12,0.36,Meritxell Soler Cos
519,335689,FALSE,Meritxell,Batalla Mercadé,,0,Josep Badia Gorchs,Josep,Badia Gorchs,mbatallamercade@gmail.com,VALID,"Dolores - My!Laika (12,00 €)",2026-04-07 22:23:45,,,,,,,,,12,0.36,Meritxell Batalla Mercadé
796,335689,FALSE,Meritxell,Batalla Mercadé,,0,Meritxell Batalla Mercadé,Meritxell,Batalla Mercadé,mbatallamercade@gmail.com,VALID,"Dolores - My!Laika (12,00 €)",2026-04-07 22:23:45,,,,,,,,,12,0.36,Meritxell Batalla Mercadé
797,335261,FALSE,Meritxell,Soler Cos,,0,Meritxell Soler Cos,Meritxell,Soler Cos,txellsoc@gmail.com,VALID,"Dolores - My!Laika (12,00 €)",2026-04-06 13:25:32,,,,,,,,,12,0.36,Meritxell Soler Cos
645,330863,FALSE,Miguel,Pareja,,0,Lur Agirrezabala,Lur,Agirrezabala,luragi97@gmail.com,VALID,"Abonament diumenge 12/04 (30,00 €)",2026-03-16 20:54:07,,,,,,,,,30,0.9,Miguel Pareja
802,330863,FALSE,Miguel,Pareja,,0,Miguel Pareja,Miguel,Pareja,miguelparejamunoz@gmail.com,VALID,"Abonament diumenge 12/04 (30,00 €)",2026-03-16 20:54:07,,,,,,,,,30,0.9,Miguel Pareja
803,337102,FALSE,Mikel,Mulero romero,,0,Mikel Mulero Romero,Mikel Mulero,Romero,mikel.mr11@gmail.com,VALID,"Konvent Klub (10,00 €)",2026-04-11 18:23:52,,,,,,,,,10,0.3,Mikel Mulero romero
811,337477,FALSE,Mirco,Pugliese,,0,Mirco Pugliese,Mirco,Pugliese,mircopugliese1991@gmail.com,VALID,"Ròdols i cigrons - Escarlata (15.30h) (12,00 €)",2026-04-12 18:56:30,,,,,,,,,12,0.36,Mirco Pugliese
812,337477,FALSE,Mirco,Pugliese,,0,Mirco Pugliese,Mirco,Pugliese,mircopugliese1991@gmail.com,VALID,"Décrochez-moi ça - Bêtes de Foire (ds. 18/4) (12,00 €)",2026-04-12 18:56:30,,,,,,,,,12,0.36,Mirco Pugliese
813,337477,FALSE,Mirco,Pugliese,,0,Mirco Pugliese,Mirco,Pugliese,mircopugliese1991@gmail.com,VALID,"Perdón (unplugged) - Los'Informalls (12,00 €)",2026-04-12 18:56:30,,,,,,,,,12,0.36,Mirco Pugliese
492,329681,FALSE,Míriam,Alagarda Torrella,,0,Jordi Cadevall Artigues,Jordi,Cadevall Artigues,,VALID,"Décrochez-moi ça - Bêtes de Foire (ds. 18/4) (12,00 €)",2026-03-11 12:04:31,,,,,,,,,12,0.36,Míriam Alagarda Torrella
503,329681,FALSE,Míriam,Alagarda Torrella,,0,Jordi Cadevall,Jordi,Cadevall,,VALID,"Perdón (unplugged) - Los'Informalls (12,00 €)",2026-03-11 12:04:31,,,,,,,,,12,0.36,Míriam Alagarda Torrella
820,329681,FALSE,Míriam,Alagarda Torrella,,0,Míriam Alagarda,Míriam,Alagarda,,VALID,"Décrochez-moi ça - Bêtes de Foire (ds. 18/4) (12,00 €)",2026-03-11 12:04:31,,,,,,,,,12,0.36,Míriam Alagarda Torrella
821,329681,FALSE,Míriam,Alagarda Torrella,,0,Míriam Alagarda,Míriam,Alagarda,,VALID,"Perdón (unplugged) - Los'Informalls (12,00 €)",2026-03-11 12:04:31,,,,,,,,,12,0.36,Míriam Alagarda Torrella
822,329711,FALSE,Míriam,Alagarda Torrella,,0,Míriam Alagarda,Míriam,Alagarda,,VALID,"Ròdols i Cirgons - Escarlata (18.00h) (12,00 €)",2026-03-11 13:16:01,,,,,,,,,12,0.36,Míriam Alagarda Torrella
823,338714,FALSE,Míriam,Alagarda Torrella,,0,Míriam Alagarda,Míriam,Alagarda,miriamalagarda@hotmail.com,VALID,"Perdón (unplugged) - Los'Informalls (12,00 €)",2026-04-17 12:13:59,,,,,,,,,12,0.36,Míriam Alagarda Torrella
824,329681,FALSE,Míriam,Alagarda Torrella,,0,Míriam Alagarda Torrella,Míriam,Alagarda Torrella,,VALID,"Abonament diumenge 19/4 (excepte The Sinner) (25,00 €)",2026-03-11 12:04:31,,,,,,,,,25,0.75,Míriam Alagarda Torrella
825,329681,FALSE,Míriam,Alagarda Torrella,,0,Míriam Alagarda Torrella,Míriam,Alagarda Torrella,,VALID,"Dinar popular + Esperit! (10,00 €)",2026-03-11 12:04:31,,,,,,,,,10,0.3,Míriam Alagarda Torrella
827,333601,FALSE,Mistri,Nathalie,,0,Mistri Nathalie,Mistri,Nathalie,misnana66@gmail.com,VALID,"Abonament divendres 17/04 (30,00 €)",2026-03-27 22:17:51,,,,,,,,,30,0.9,Mistri Nathalie
828,333601,FALSE,Mistri,Nathalie,,0,Mistri Nathalie,Mistri,Nathalie,,VALID,"Abonament dissabte 18/04 (excepte Escarlata) (35,00 €)",2026-03-27 22:17:51,,,,,,,,,35,01.05,Mistri Nathalie
1,335283,FALSE,moni,salazar,,0,Abril Cerral,Abril,Cerral,,VALID,"ROSE BIF - Sarah Anglada (12,00 €)",2026-04-06 14:49:46,,,,,,,,,12,0.36,moni salazar
2,335283,FALSE,moni,salazar,,0,Abril Cerral,Abril,Cerral,,VALID,"Dolores - My!Laika (12,00 €)",2026-04-06 14:49:46,,,,,,,,,12,0.36,moni salazar
670,335283,FALSE,moni,salazar,,0,Mar Carrasco,Mar,Carrasco,,VALID,"Dolores - My!Laika (12,00 €)",2026-04-06 14:49:46,,,,,,,,,12,0.36,moni salazar
673,335283,FALSE,moni,salazar,,0,Mar Carrasco,Mar,Carrasco,,VALID,"ROSE BIF - Sarah Anglada (12,00 €)",2026-04-06 14:49:46,,,,,,,,,12,0.36,moni salazar
829,335283,FALSE,moni,salazar,,0,Moni Salazar,Moni,Salazar,,VALID,"ROSE BIF - Sarah Anglada (12,00 €)",2026-04-06 14:49:46,,,,,,,,,12,0.36,moni salazar
830,335283,FALSE,moni,salazar,,0,Moni Salazar,Moni,Salazar,,VALID,"Dolores - My!Laika (12,00 €)",2026-04-06 14:49:46,,,,,,,,,12,0.36,moni salazar
1052,335283,FALSE,moni,salazar,,0,Teo Valls,Teo,Valls,,VALID,"ROSE BIF - Sarah Anglada (12,00 €)",2026-04-06 14:49:46,,,,,,,,,12,0.36,moni salazar
1053,335283,FALSE,moni,salazar,,0,Teo Valls,Teo,Valls,,VALID,"Dolores - My!Laika (12,00 €)",2026-04-06 14:49:46,,,,,,,,,12,0.36,moni salazar
595,337093,FALSE,Monica,Vargas,,0,Laura Ross,Laura,Ross,,VALID,"Konvent Klub (10,00 €)",2026-04-11 18:07:51,,,,,,,,,10,0.3,Monica Vargas
831,335132,FALSE,Monica,Manso,,0,Monica Manso,Monica,Manso,monica.manso91@gmail.com,VALID,"Abonament dissabte 11/04 (35,00 €)",2026-04-05 20:26:11,,,,,,,,,35,01.05,Monica Manso
832,337093,FALSE,Monica,Vargas,,0,Monica Vargas,Monica,Vargas,,VALID,"Konvent Klub (10,00 €)",2026-04-11 18:07:51,,,,,,,,,10,0.3,Monica Vargas
262,338522,FALSE,Mònica,Vives Bonet,,0,Damià Romera,Damià,Romera,damvila@hotmail.com,VALID,"Décrochez-moi ça - Bêtes de Foire (dv. 17/4) (12,00 €)",2026-04-16 17:51:14,,,,,,,,,12,0.36,Mònica Vives Bonet
833,338522,FALSE,Mònica,Vives Bonet,,0,Mònica Vives Bonet,Mònica,Vives Bonet,monikaviv@hotmail.com,VALID,"Décrochez-moi ça - Bêtes de Foire (dv. 17/4) (12,00 €)",2026-04-16 17:51:14,,,,,,,,,12,0.36,Mònica Vives Bonet
32,337992,FALSE,Montse,Camps,,0,Albert Hervas,Albert,Hervas,,VALID,"Abonament dijous 16/04 (20,00 €)",2026-04-14 15:22:44,,,,,,,,,20,0.6,Montse Camps
101,337992,FALSE,Montse,Camps,,0,Anna Boix,Anna,Boix,,VALID,"Abonament dijous 16/04 (20,00 €)",2026-04-14 15:22:44,,,,,,,,,20,0.6,Montse Camps
214,332099,FALSE,Montse,Vidal,,0,Cesc Maldonado,Cesc,Maldonado,vidaleta73@gmail.com,VALID,"Perdón (unplugged) - Los'Informalls (12,00 €)",2026-03-22 0:19:42,,,,,,,,,12,0.36,Montse Vidal
215,332099,FALSE,Montse,Vidal,,0,Cesc Maldonado,Cesc,Maldonado,vidaleta73@gmail.com,VALID,"Rubbish Rabbit - Tony Clifton (12,00 €)",2026-03-22 0:19:42,,,,,,,,,12,0.36,Montse Vidal
461,332099,FALSE,Montse,Vidal,,0,Jaume Ribas,Jaume,Ribas,vidaleta73@gmail.com,VALID,"Perdón (unplugged) - Los'Informalls (12,00 €)",2026-03-22 0:19:42,,,,,,,,,12,0.36,Montse Vidal
462,332099,FALSE,Montse,Vidal,,0,Jaume Ribas,Jaume,Ribas,vidaleta73@gmail.com,VALID,"Rubbish Rabbit - Tony Clifton (12,00 €)",2026-03-22 0:19:42,,,,,,,,,12,0.36,Montse Vidal
482,338089,FALSE,Montse,Traserra Saus,,0,Joan Cubinsà,Joan,Cubinsà,mtraser2@xtec.cat,VALID,"Décrochez-moi ça - Bêtes de Foire (dv. 10/4) (12,00 €)",2026-04-14 20:51:43,,,,,,,,,12,0.36,Montse Traserra Saus
835,332099,FALSE,Montse,Vidal,,0,Montse Vidal,Montse,Vidal,vidaleta73@gmail.com,VALID,"Rubbish Rabbit - Tony Clifton (12,00 €)",2026-03-22 0:19:42,,,,,,,,,12,0.36,Montse Vidal
836,332099,FALSE,Montse,Vidal,,0,Montse Vidal Pallares,Montse,Vidal Pallares,vidaleta73@gmail.com,VALID,"Perdón (unplugged) - Los'Informalls (12,00 €)",2026-03-22 0:19:42,,,,,,,,,12,0.36,Montse Vidal
839,337992,FALSE,Montse,Camps,,0,Montse Camps,Montse,Camps,,VALID,"Abonament dijous 16/04 (20,00 €)",2026-04-14 15:22:44,,,,,,,,,20,0.6,Montse Camps
843,338089,FALSE,Montse,Traserra Saus,,0,Montse Traserra,Montse,Traserra,mtraser2@xtec.cat,VALID,"Décrochez-moi ça - Bêtes de Foire (dv. 10/4) (12,00 €)",2026-04-14 20:51:43,,,,,,,,,12,0.36,Montse Traserra Saus
844,334913,FALSE,Mounier,Mélanie,,0,Mounier Mélanie,Mounier,Mélanie,mel.mounier@gmail.com,VALID,"Abonament 1r cap de setmana (60,00 €)",2026-04-04 14:04:26,,,,,,,,,60,1.8,Mounier Mélanie
845,338717,FALSE,Mounier,Mélanie,,0,Mounier Melanie,Mounier,Melanie,mel.mounier@gmail.com,VALID,"Abonament diumenge 19/4 (excepte The Sinner) (25,00 €)",2026-04-17 12:32:17,,,,,,,,,25,0.75,Mounier Mélanie
846,338717,FALSE,Mounier,Mélanie,,0,Mounier Melanie,Mounier,Melanie,mel.mounier@gmail.com,VALID,"Chou chou ténèbres - SPPI (12,00 €)",2026-04-17 12:32:17,,,,,,,,,12,0.36,Mounier Mélanie
847,338717,FALSE,Mounier,Mélanie,,0,Mounier Mélanie,Mounier,Mélanie,mel.mounier@gmail.com,VALID,"Muovipussi + Schlaasss (10,00 €)",2026-04-17 12:32:17,,,,,,,,,10,0.3,Mounier Mélanie
848,338717,FALSE,Mounier,Mélanie,,0,Mounier Melanie,Mounier,Melanie,mel.mounier@gmail.com,VALID,"Perdón (unplugged) - Los'Informalls (12,00 €)",2026-04-17 12:32:17,,,,,,,,,12,0.36,Mounier Mélanie
849,338717,FALSE,Mounier,Mélanie,,0,Mounier Melanie,Mounier,Melanie,mel.mounier@gmail.com,VALID,"Perera Elsewhere + Rafush (10,00 €)",2026-04-17 12:32:17,,,,,,,,,10,0.3,Mounier Mélanie
618,337961,FALSE,Myrto,Zarokosta,,0,Louis Lobrinzi,Louis,Lobrinzi,myrtozar@gmail.com,VALID,"Perdón (unplugged) - Los'Informalls (12,00 €)",2026-04-14 13:08:54,,,,,,,,,12,0.36,Myrto Zarokosta
619,337961,FALSE,Myrto,Zarokosta,,0,Louis Loprinzi,Louis,Loprinzi,myrtozar@gmail.com,VALID,"Décrochez-moi ça - Bêtes de Foire (ds. 18/4) (12,00 €)",2026-04-14 13:08:54,,,,,,,,,12,0.36,Myrto Zarokosta
850,337961,FALSE,Myrto,Zarokosta,,0,Myrto Zarokosta,Myrto,Zarokosta,myrtozar@gmail.com,VALID,"Décrochez-moi ça - Bêtes de Foire (ds. 18/4) (12,00 €)",2026-04-14 13:08:54,,,,,,,,,12,0.36,Myrto Zarokosta
851,337961,FALSE,Myrto,Zarokosta,,0,Myrto Zarokosta,Myrto,Zarokosta,myrtozar@gmail.com,VALID,"Perdón (unplugged) - Los'Informalls (12,00 €)",2026-04-14 13:08:54,,,,,,,,,12,0.36,Myrto Zarokosta
11,338725,FALSE,Naiana,Pastrana Batalla,,0,Ahïmsa Pastrana Batalla,Ahïmsa,Pastrana Batalla,,VALID,"Abonament diumenge 19/4 (excepte The Sinner) (25,00 €)",2026-04-17 12:40:21,,,,,,,,,25,0.75,Naiana Pastrana Batalla
855,338725,FALSE,Naiana,Pastrana Batalla,,0,Naiana Pastrana Batalla,Naiana,Pastrana Batalla,,VALID,"Abonament diumenge 19/4 (excepte The Sinner) (25,00 €)",2026-04-17 12:40:21,,,,,,,,,25,0.75,Naiana Pastrana Batalla
424,338334,FALSE,Naila,López de pablo,,0,Hector Hita,Hector,Hita,nailaldpg@gmail.com,VALID,"Perdón (unplugged) - Los'Informalls (12,00 €)",2026-04-15 20:01:30,,,,,,,,,12,0.36,Naila López de pablo
425,338334,FALSE,Naila,López de pablo,,0,Hector Hita,Hector,Hita,nailaldpg@gmail.com,VALID,"Ara o mai - La Crida Company (12,00 €)",2026-04-15 20:01:30,,,,,,,,,12,0.36,Naila López de pablo
426,338334,FALSE,Naila,López de pablo,,0,Hector Hita,Hector,Hita,nailaldpg@gmail.com,VALID,"Kabaret Kontrast (10,00 €)",2026-04-15 20:01:30,,,,,,,,,10,0.3,Naila López de pablo
741,338334,FALSE,Naila,López de pablo,,0,Marta Calderon,Marta,Calderon,nailaldpg@gmail.com,VALID,"Perdón (unplugged) - Los'Informalls (12,00 €)",2026-04-15 20:01:30,,,,,,,,,12,0.36,Naila López de pablo
856,338334,FALSE,Naila,López de pablo,,0,Naila Lopez de Pablo,Naila,Lopez de Pablo,nailaldpg@gmail.com,VALID,"Perdón (unplugged) - Los'Informalls (12,00 €)",2026-04-15 20:01:30,,,,,,,,,12,0.36,Naila López de pablo
857,338334,FALSE,Naila,López de pablo,,0,Naila López de Pablo,Naila,López de Pablo,nailaldpg@gmail.com,VALID,"Ara o mai - La Crida Company (12,00 €)",2026-04-15 20:01:30,,,,,,,,,12,0.36,Naila López de pablo
858,338334,FALSE,Naila,López de pablo,,0,Naila López de pablo,Naila,López de pablo,nailaldpg@gmail.com,VALID,"Kabaret Kontrast (10,00 €)",2026-04-15 20:01:30,,,,,,,,,10,0.3,Naila López de pablo
341,336782,FALSE,Natacha,Duarte,,0,Enric Peinado Cardona,Enric,Peinado Cardona,duarte.natacha@gmail.com,VALID,"Abonament diumenge 12/04 (30,00 €)",2026-04-10 22:46:06,,,,,,,,,30,0.9,Natacha Duarte
859,336782,FALSE,Natacha,Duarte,,0,Natacha Sofía Nunes Duarte,Natacha Sofía,Nunes Duarte,duarte.natacha@gmail.com,VALID,"Abonament diumenge 12/04 (30,00 €)",2026-04-10 22:46:06,,,,,,,,,30,0.9,Natacha Duarte
777,338662,FALSE,Natasha Luna,Mogro,,0,Martina Pisano,Martina,Pisano,luna.mogro@gmail.com,VALID,"Adeus - Cia. Oltrenotte (12,00 €)",2026-04-17 10:12:23,,,,,,,,,12,0.36,Natasha Luna Mogro
861,338662,FALSE,Natasha Luna,Mogro,,0,Natasha Luna Mogro,Natasha Luna,Mogro,luna.mogro@gmail.com,VALID,"Adeus - Cia. Oltrenotte (12,00 €)",2026-04-17 10:12:23,,,,,,,,,12,0.36,Natasha Luna Mogro
866,336585,FALSE,Neus,Simon,,0,neus simon,neus,simon,neussimon@hotmail.com,VALID,"Décrochez-moi ça - Bêtes de Foire (dg. 12/4) (12,00 €)",2026-04-10 15:32:33,,,,,,,,,12,0.36,Neus Simon
128,335036,FALSE,Nil,Puigcarbó Roura,,0,Ariadna Labrador,Ariadna,Labrador,juliamarcermora@gmail.com,VALID,"Abonament dissabte 18/04 (excepte Escarlata) (35,00 €)",2026-04-05 11:30:14,,,,,,,,,35,01.05,Nil Puigcarbó Roura
232,335036,FALSE,Nil,Puigcarbó Roura,,0,Claudia Ferrandis,Claudia,Ferrandis,juliamarcermora@gmail.com,VALID,"Abonament dissabte 18/04 (excepte Escarlata) (35,00 €)",2026-04-05 11:30:14,,,,,,,,,35,01.05,Nil Puigcarbó Roura
545,335036,FALSE,Nil,Puigcarbó Roura,,0,Júlia Marcer,Júlia,Marcer,juliamarcermora@gmail.com,VALID,"Abonament dissabte 18/04 (excepte Escarlata) (35,00 €)",2026-04-05 11:30:14,,,,,,,,,35,01.05,Nil Puigcarbó Roura
737,335036,FALSE,Nil,Puigcarbó Roura,,0,Mariq Codina,Mariq,Codina,juliamarcermora@gmail.com,VALID,"Abonament dissabte 18/04 (excepte Escarlata) (35,00 €)",2026-04-05 11:30:14,,,,,,,,,35,01.05,Nil Puigcarbó Roura
870,335036,FALSE,Nil,Puigcarbó Roura,,0,Nil Puigcarbó,Nil,Puigcarbó,juliamarcermora@gmail.com,VALID,"Abonament dissabte 18/04 (excepte Escarlata) (35,00 €)",2026-04-05 11:30:14,,,,,,,,,35,01.05,Nil Puigcarbó Roura
881,335036,FALSE,Nil,Puigcarbó Roura,,0,Núria Piqué,Núria,Piqué,juliamarcermora@gmail.com,VALID,"Abonament dissabte 18/04 (excepte Escarlata) (35,00 €)",2026-04-05 11:30:14,,,,,,,,,35,01.05,Nil Puigcarbó Roura
189,338893,FALSE,Nina,Sagristà,,0,Carme Garcia Sala,Carme,Garcia Sala,,VALID,"Adeus - Cia. Oltrenotte (12,00 €)",2026-04-17 20:39:13,,,,,,,,,12,0.36,Nina Sagristà
272,332547,FALSE,Nina,Sunyer,,0,David Sarsanedas,David,Sarsanedas,,VALID,"Décrochez-moi ça - Bêtes de Foire (ds. 18/4) (12,00 €)",2026-03-23 21:58:23,,,,,,,,,12,0.36,Nina Sunyer
278,332545,FALSE,Nina,Sunyer,,0,David Sarsanedas,David,Sarsanedas,,VALID,"Ròdols i cigrons - Escarlata (15.30h) (12,00 €)",2026-03-23 21:50:43,,,,,,,,,12,0.36,Nina Sunyer
309,332545,FALSE,Nina,Sunyer,,0,Elena Gascon,Elena,Gascon,,VALID,"Ròdols i cigrons - Escarlata (15.30h) (12,00 €)",2026-03-23 21:50:43,,,,,,,,,12,0.36,Nina Sunyer
310,332547,FALSE,Nina,Sunyer,,0,Elena Gascon,Elena,Gascon,,VALID,"Décrochez-moi ça - Bêtes de Foire (ds. 18/4) (12,00 €)",2026-03-23 21:58:23,,,,,,,,,12,0.36,Nina Sunyer
351,332545,FALSE,Nina,Sunyer,,0,Eva Noguer,Eva,Noguer,,VALID,"Ròdols i cigrons - Escarlata (15.30h) (12,00 €)",2026-03-23 21:50:43,,,,,,,,,12,0.36,Nina Sunyer
872,338893,FALSE,Nina,Sagristà,,0,Nina Sagrista Garcia,Nina,Sagrista Garcia,,VALID,"Adeus - Cia. Oltrenotte (12,00 €)",2026-04-17 20:39:13,,,,,,,,,12,0.36,Nina Sagristà
873,332545,FALSE,Nina,Sunyer,,0,Nina Sunyer,Nina,Sunyer,ninasunyer@gmail.com,VALID,"Ròdols i cigrons - Escarlata (15.30h) (12,00 €)",2026-03-23 21:50:43,,,,,,,,,12,0.36,Nina Sunyer
874,332547,FALSE,Nina,Sunyer,,0,Nina Sunyer,Nina,Sunyer,ninasunyer@gmail.com,VALID,"Décrochez-moi ça - Bêtes de Foire (ds. 18/4) (12,00 €)",2026-03-23 21:58:23,,,,,,,,,12,0.36,Nina Sunyer
883,335550,FALSE,Núria,Belloc Rocasalbas,,0,Nuria Belloc,Nuria,Belloc,shiatsu.nbr@gmail.com,VALID,"Abonament dissabte 18/04 (excepte Escarlata) (35,00 €)",2026-04-07 15:01:21,,,,,,,,,35,1.5,Núria Belloc Rocasalbas
398,337297,FALSE,Océane,Luguern,,0,Gaston Fischer,Gaston,Fischer,fisherpascal@gmail.com,VALID,"Abonament diumenge 12/04 (30,00 €)",2026-04-12 10:59:58,,,,,,,,,30,0.9,Océane Luguern
885,337297,FALSE,Océane,Luguern,,0,Océane Luguern,Océane,Luguern,luguernoceane@gmail.com,VALID,"Abonament diumenge 12/04 (30,00 €)",2026-04-12 10:59:58,,,,,,,,,30,0.9,Océane Luguern
886,335107,FALSE,oksana,pryshchepa,,0,oksana pryshchepa,oksana,pryshchepa,molokolom@gmail.com,VALID,"Abonament dissabte 11/04 (35,00 €)",2026-04-05 18:41:59,,,,,,,,,35,01.05,oksana pryshchepa
887,336209,FALSE,oksana,pryshchepa,,0,oksana pryshchepa,oksana,pryshchepa,molokolom@gmail.com,VALID,"Abonament diumenge 12/04 (30,00 €)",2026-04-09 16:12:08,,,,,,,,,30,0.9,oksana pryshchepa
254,337282,FALSE,Olga,Garcia Camps,,0,Cristina De Vigo,Cristina,De Vigo,ogarciacamps@hotmail.com,VALID,"Décrochez-moi ça - Bêtes de Foire (dg. 12/4) (12,00 €)",2026-04-12 10:31:04,,,,,,,,,12,0.36,Olga Garcia Camps
290,337282,FALSE,Olga,Garcia Camps,,0,Diego Tieso,Diego,Tieso,tieso.diego@gmail.com,VALID,"Abonament diumenge 12/04 (30,00 €)",2026-04-12 10:31:04,,,,,,,,,30,0.9,Olga Garcia Camps
512,338942,FALSE,Olga,Zhukova,,0,Jose Espada,Jose,Espada,ozhukova.tamag@gmail.com,VALID,"Adeus - Cia. Oltrenotte (12,00 €)",2026-04-17 22:16:59,,,,,,,,,12,0.36,Olga Zhukova
888,337282,FALSE,Olga,Garcia Camps,,0,Olga Garcia Camps,Olga,Garcia Camps,ogarciacamps@hotmail.com,VALID,"Décrochez-moi ça - Bêtes de Foire (dg. 12/4) (12,00 €)",2026-04-12 10:31:04,,,,,,,,,12,0.36,Olga Garcia Camps
890,338942,FALSE,Olga,Zhukova,,0,Olga Zhukova,Olga,Zhukova,ozhukova.tamag@gmail.com,VALID,"Adeus - Cia. Oltrenotte (12,00 €)",2026-04-17 22:16:59,,,,,,,,,12,0.36,Olga Zhukova
431,334564,FALSE,Ona,Salvat,,0,Huitzillin Feliu Gil,Huitzillin,Feliu Gil,huitzilin.feliu.gil@gmail.com,VALID,"Abonament dissabte 11/04 (35,00 €)",2026-04-02 11:56:27,,,,,,,,,35,01.05,Ona Salvat
892,334564,FALSE,Ona,Salvat,,0,Ona Salvat Febrero,Ona,Salvat Febrero,onasalvat97@gmail.com,VALID,"Abonament dissabte 11/04 (35,00 €)",2026-04-02 11:56:27,,,,,,,,,35,01.05,Ona Salvat
1103,334564,FALSE,Ona,Salvat,,0,Xènia Cubí Llampallas,Xènia,Cubí Llampallas,cubisalvat@gmail.com,VALID,"Abonament dissabte 11/04 (35,00 €)",2026-04-02 11:56:27,,,,,,,,,35,01.05,Ona Salvat
895,338373,FALSE,Oriol,Balliu,,0,oriol balliu,oriol,balliu,urilapera@gmail.com,VALID,"Abonament divendres 17/04 (30,00 €)",2026-04-15 22:24:46,,,,,,,,,30,0.9,Oriol Balliu
896,333791,FALSE,Oriol,Sales,,0,Oriol Sales,Oriol,Sales,salesoriol@gmail.com,VALID,"Abonament dissabte 11/04 (35,00 €)",2026-03-29 14:08:29,,,,,,,,,35,1.5,Oriol Sales
912,338373,FALSE,Oriol,Balliu,,0,pau molina,pau,molina,pau.molina.miarnau@gmx.es,VALID,"Abonament divendres 17/04 (30,00 €)",2026-04-15 22:24:46,,,,,,,,,30,0.9,Oriol Balliu
247,334642,FALSE,Oscar,Sagué,,0,Coralie Arnoult,Coralie,Arnoult,coraliearnoult@gmail.com,VALID,"Abonament dissabte 11/04 (35,00 €)",2026-04-02 18:54:51,,,,,,,,,35,01.05,Oscar Sagué
248,334642,FALSE,Oscar,Sagué,,0,Coralie Arnoult,Coralie,Arnoult,coraliearnoult@gmail.com,VALID,"Abonament divendres 10/04 (15,00 €)",2026-04-02 18:54:51,,,,,,,,,15,0.45,Oscar Sagué
276,338350,FALSE,Oscar,Vilarasau,,0,David Jiménez,David,Jiménez,powering_10@hotmail.com,VALID,"Décrochez-moi ça - Bêtes de Foire (ds. 18/4) (12,00 €)",2026-04-15 21:18:40,,,,,,,,,12,0.36,Oscar Vilarasau
755,338350,FALSE,Oscar,Vilarasau,,0,Marta Freixa,Marta,Freixa,powering_10@hotmail.com,VALID,"Décrochez-moi ça - Bêtes de Foire (ds. 18/4) (12,00 €)",2026-04-15 21:18:40,,,,,,,,,12,0.36,Oscar Vilarasau
898,334642,FALSE,Oscar,Sagué,,0,Oscar Sagué,Oscar,Sagué,salvadormaldoror@gmail.com,VALID,"Abonament divendres 10/04 (15,00 €)",2026-04-02 18:54:51,,,,,,,,,15,0.45,Oscar Sagué
899,334642,FALSE,Oscar,Sagué,,0,Oscar Sagué,Oscar,Sagué,salvadormaldoror@gmail.com,VALID,"Abonament dissabte 11/04 (35,00 €)",2026-04-02 18:54:51,,,,,,,,,35,01.05,Oscar Sagué
901,338350,FALSE,Oscar,Vilarasau,,0,Oscar Vilarasau,Oscar,Vilarasau,powering_10@hotmail.com,VALID,"Décrochez-moi ça - Bêtes de Foire (ds. 18/4) (12,00 €)",2026-04-15 21:18:40,,,,,,,,,12,0.36,Oscar Vilarasau
1037,338350,FALSE,Oscar,Vilarasau,,0,Sílvia Obiols,Sílvia,Obiols,powering_10@hotmail.com,VALID,"Décrochez-moi ça - Bêtes de Foire (ds. 18/4) (12,00 €)",2026-04-15 21:18:40,,,,,,,,,12,0.36,Oscar Vilarasau
906,334639,FALSE,Paola,Berton,,0,Paola Berton,Paola,Berton,paola.berton@gmail.com,VALID,"Abonament 1r cap de setmana (60,00 €)",2026-04-02 18:40:45,,,,,,,,,60,1.8,Paola Berton
909,329821,FALSE,Patricia,Heras Ortega,,0,Patricia Heras Ortega,Patricia,Heras Ortega,patricia_heras@hotmail.com,VALID,"Abonament divendres 17/04 (30,00 €)",2026-03-11 20:40:35,,,,,,,,,30,0.9,Patricia Heras Ortega
910,329821,FALSE,Patricia,Heras Ortega,,0,Patricia Heras Ortega,Patricia,Heras Ortega,patricia_heras@hotmail.com,VALID,"Abonament dissabte 18/04 (excepte Escarlata) (35,00 €)",2026-03-11 20:40:35,,,,,,,,,35,1.5,Patricia Heras Ortega
205,336621,FALSE,PAU,CASANOVA PEDROL,,0,CECILIA GHIDOTTI,CECILIA,GHIDOTTI,ghidotticecilia@gmail.com,VALID,"Abonament diumenge 12/04 (30,00 €)",2026-04-10 16:46:08,,,,,,,,,30,0.9,PAU CASANOVA PEDROL
206,336621,FALSE,PAU,CASANOVA PEDROL,,0,CECILIA GHIDOTTI,CECILIA,GHIDOTTI,ghidotticecilia@gmail.com,VALID,"Konvent Klub (10,00 €)",2026-04-10 16:46:08,,,,,,,,,10,0.3,PAU CASANOVA PEDROL
207,337336,FALSE,PAU,CASANOVA PEDROL,,0,Cecilia Ghidotti,Cecilia,Ghidotti,pau.casanova1@gmail.com,VALID,"Dinar popular + Inutile Randonnée (10,00 €)",2026-04-12 12:42:00,,,,,,,,,10,0.3,PAU CASANOVA PEDROL
914,336621,FALSE,PAU,CASANOVA PEDROL,,0,PAU CASANOVA,PAU,CASANOVA,pau.casanova1@gmail.com,VALID,"Abonament diumenge 12/04 (30,00 €)",2026-04-10 16:46:08,,,,,,,,,30,0.9,PAU CASANOVA PEDROL
915,336621,FALSE,PAU,CASANOVA PEDROL,,0,PAU CASANOVA,PAU,CASANOVA,pau.casanova1@gmail.com,VALID,"Konvent Klub (10,00 €)",2026-04-10 16:46:08,,,,,,,,,10,0.3,PAU CASANOVA PEDROL
916,337336,FALSE,PAU,CASANOVA PEDROL,,0,Pau Casanova,Pau,Casanova,pau.casanova1@gmail.com,VALID,"Dinar popular + Inutile Randonnée (10,00 €)",2026-04-12 12:42:00,,,,,,,,,10,0.3,PAU CASANOVA PEDROL
919,334857,FALSE,Pau,Soriano,,0,Pau Soriani,Pau,Soriani,pausorianoprats@gmail.com,VALID,"Abonament dissabte 11/04 (35,00 €)",2026-04-04 8:09:14,,,,,,,,,35,01.05,Pau Soriano
920,334857,FALSE,Pau,Soriano,,0,Pau Soriano,Pau,Soriano,pausorianoprats@gmail.com,VALID,"Coconauta (10,00 €)",2026-04-04 8:09:14,,,,,,,,,10,0.3,Pau Soriano
921,334857,FALSE,Pau,Soriano,,0,Pau Soriano,Pau,Soriano,pausorianoprats@gmail.com,VALID,"Kabaret Kontrast (10,00 €)",2026-04-04 8:09:14,,,,,,,,,10,0.3,Pau Soriano
923,334591,FALSE,Paula,Rodriguez,,0,Paula Rodriguez Gomez,Paula,Rodriguez Gomez,la.pau.rodriguez@gmail.com,VALID,"Abonament dissabte 11/04 (35,00 €)",2026-04-02 14:47:58,,,,,,,,,35,01.05,Paula Rodriguez
842,337278,FALSE,Pep,Prat,,0,Montse Prat,Montse,Prat,peppratr@gmail.com,VALID,"Dinar popular + Inutile Randonnée (10,00 €)",2026-04-12 9:52:48,,,,,,,,,10,0.3,Pep Prat
927,337278,FALSE,Pep,Prat,,0,Pep Prat,Pep,Prat,peppratr@gmail.com,VALID,"Dinar popular + Inutile Randonnée (10,00 €)",2026-04-12 9:52:48,,,,,,,,,10,0.3,Pep Prat
504,336023,FALSE,Pepa,Mañé Vall Vilaramó,,0,Jordi Cirera Ayerbe,Jordi,Cirera Ayerbe,,VALID,"Décrochez-moi ça - Bêtes de Foire (dg. 12/4) (12,00 €)",2026-04-09 8:35:02,,,,,,,,,12,0.36,Pepa Mañé Vall Vilaramó
894,336025,FALSE,Pepa,Mañé Vall Vilaramó,,0,Ònia Cirera Mañé,Ònia,Cirera Mañé,,VALID,"Décrochez-moi ça - Bêtes de Foire (dg. 12/4) (8,00 €)",2026-04-09 8:38:17,,,,,,,,,8,0.24,Pepa Mañé Vall Vilaramó
928,336023,FALSE,Pepa,Mañé Vall Vilaramó,,0,Pepa Mañé Vall de Vilaramó,Pepa,Mañé Vall de Vilaramó,,VALID,"Décrochez-moi ça - Bêtes de Foire (dg. 12/4) (12,00 €)",2026-04-09 8:35:02,,,,,,,,,12,0.36,Pepa Mañé Vall Vilaramó
995,336023,FALSE,Pepa,Mañé Vall Vilaramó,,0,Rosa Vall de Vilaramó Oliva,Rosa,Vall de Vilaramó Oliva,,VALID,"Décrochez-moi ça - Bêtes de Foire (dg. 12/4) (12,00 €)",2026-04-09 8:35:02,,,,,,,,,12,0.36,Pepa Mañé Vall Vilaramó
929,333655,FALSE,PERE,BANAL MARIN,,0,Pere Banal Marin,Pere,Banal Marin,,VALID,"Abonament dissabte 18/04 (excepte Escarlata) (35,00 €)",2026-03-28 12:15:33,,,,,,,,,35,01.05,PERE BANAL MARIN
932,335544,FALSE,Perroit,Elsa,,0,Perroit Elsa,Perroit,Elsa,elsa.perroit@gmail.com,VALID,"Abonament 2n cap de setmana (75,00 €)",2026-04-07 14:51:43,,,,,,,,,75,2.25,Perroit Elsa
933,334630,FALSE,pierre,millasson,,0,pierre millasson,pierre,millasson,,VALID,"Abonament 1r cap de setmana (60,00 €)",2026-04-02 17:52:35,,,,,,,,,60,1.8,pierre millasson
1039,334630,FALSE,pierre,millasson,,0,simon gonzalez ferro,simon,gonzalez ferro,,VALID,"Abonament 1r cap de setmana (60,00 €)",2026-04-02 17:52:35,,,,,,,,,60,1.8,pierre millasson
934,339321,FALSE,Pietro,Tassinari,,0,Pietro Tassinari,Pietro,Tassinari,e45records@protonmail.com,VALID,"Kabaret Kontrast (10,00 €)",2026-04-19 11:58:46,,,,,,,,,10,0.3,Pietro Tassinari
935,339321,FALSE,Pietro,Tassinari,,0,Pietro Tassinari,Pietro,Tassinari,e45records@protonmail.com,VALID,"Rubbish Rabbit - Tony Clifton (12,00 €)",2026-04-19 11:58:46,,,,,,,,,12,0.36,Pietro Tassinari
105,334787,FALSE,Pilar,Figueras,,0,Anna Figueras Torruella,Anna,Figueras Torruella,anna@calcompte.com,VALID,"Abonament 1r cap de setmana (60,00 €)",2026-04-03 18:27:35,,,,,,,,,60,1.8,Pilar Figueras
106,334788,FALSE,Pilar,Figueras,,0,Anna Figueras Torruella,Anna,Figueras Torruella,anna@calcompte.com,VALID,"Dinar popular + Inutile Randonnée (10,00 €)",2026-04-03 18:40:46,,,,,,,,,10,0.3,Pilar Figueras
652,334787,FALSE,Pilar,Figueras,,0,Magda Argany Figueras,Magda,Argany Figueras,,VALID,"Abonament 1r cap de setmana (60,00 €)",2026-04-03 18:27:35,,,,,,,,,60,1.8,Pilar Figueras
653,334792,FALSE,Pilar,Figueras,,0,Magda Argany Figueras,Magda,Argany Figueras,,VALID,"Dinar popular + Inutile Randonnée (10,00 €)",2026-04-03 18:51:53,,,,,,,,,10,0.3,Pilar Figueras
938,335712,FALSE,Pilar,Rodriguez,,0,PILAR RODRIGUEZ,PILAR,RODRIGUEZ,,VALID,"Konvent Klub (10,00 €)",2026-04-07 23:41:54,,,,,,,,,10,0.3,Pilar Rodriguez
940,334787,FALSE,Pilar,Figueras,,0,Pilar Figueras Torruella,Pilar,Figueras Torruella,pfiguer3@gmail.com,VALID,"Abonament 1r cap de setmana (60,00 €)",2026-04-03 18:27:35,,,,,,,,,60,1.8,Pilar Figueras
944,335712,FALSE,Pilar,Rodriguez,,0,PILAR RODRIGUEZ,PILAR,RODRIGUEZ,,VALID,"ROSE BIF - Sarah Anglada (12,00 €)",2026-04-07 23:41:54,,,,,,,,,12,0.36,Pilar Rodriguez
945,335712,FALSE,Pilar,Rodriguez,,0,PILAR RODRIGUEZ,PILAR,RODRIGUEZ,,VALID,"Dolores - My!Laika (12,00 €)",2026-04-07 23:41:54,,,,,,,,,12,0.36,Pilar Rodriguez
946,336339,FALSE,Pilar,Rodriguez,,0,Pilar Rodriguez,Pilar,Rodriguez,,VALID,"Décrochez-moi ça - Bêtes de Foire (dv. 10/4) (12,00 €)",2026-04-09 22:07:35,,,,,,,,,12,0.36,Pilar Rodriguez
948,334788,FALSE,Pilar,Figueras,,0,Pilar Torruella,Pilar,Torruella,pfiguer3@gmail.com,VALID,"Dinar popular + Inutile Randonnée (10,00 €)",2026-04-03 18:40:46,,,,,,,,,10,0.3,Pilar Figueras
951,336511,FALSE,prisca,villa,,0,prisca villa,prisca,villa,priscavilla@gmail.com,VALID,"Abonament divendres 10/04 (15,00 €)",2026-04-10 13:10:09,,,,,,,,,15,0.45,prisca villa
335,335000,FALSE,Quim,Reixach,,0,Eneida alaiz,Eneida,alaiz,eneida29@gmail.com,VALID,"Abonament 1r cap de setmana (60,00 €)",2026-04-05 0:22:50,,,,,,,,,60,1.8,Quim Reixach
952,335000,FALSE,Quim,Reixach,,0,Quim Reixach,Quim,Reixach,quimaudit@hotmail.com,VALID,"Abonament 1r cap de setmana (60,00 €)",2026-04-05 0:22:50,,,,,,,,,60,1.8,Quim Reixach
591,339312,FALSE,r.double.ca@gmail.com,Casado,,0,Laura Parés,Laura,Parés,,VALID,"Rubbish Rabbit - Tony Clifton (12,00 €)",2026-04-19 11:25:40,,,,,,,,,12,0.36,r.double.ca@gmail.com Casado
985,339312,FALSE,r.double.ca@gmail.com,Casado,,0,Roger Casado,Roger,Casado,,VALID,"Rubbish Rabbit - Tony Clifton (12,00 €)",2026-04-19 11:25:40,,,,,,,,,12,0.36,r.double.ca@gmail.com Casado
953,334421,FALSE,Rafael,Teixeira diogo,,0,Rafael Teixeira diogo,Rafael,Teixeira diogo,Rafaelteixeiradiogo@gmail.com,VALID,"Abonament dissabte 18/04 (excepte Escarlata) (20,00 €)",2026-04-01 14:25:45,,,,,,,,,20,0.6,Rafael Teixeira diogo
954,334421,FALSE,Rafael,Teixeira diogo,,0,Rafael Teixeira diogo,Rafael,Teixeira diogo,Rafaelteixeiradiogo@gmail.com,VALID,"Abonament dissabte 18/04 (excepte Escarlata) (20,00 €)",2026-04-01 14:25:45,,,,,,,,,20,0.6,Rafael Teixeira diogo
955,334448,FALSE,Rafael,Teixeira diogo,,0,Rafael Teixeira diogo,Rafael,Teixeira diogo,Rafaelteixeiradiogo@gmail.com,VALID,"Abonament dissabte 18/04 (excepte Escarlata) (35,00 €)",2026-04-01 16:46:00,,,,,,,,,35,01.05,Rafael Teixeira diogo
961,335986,FALSE,Ramon,Malé,,0,RAMON MALÉ,RAMON,MALÉ,,VALID,"Décrochez-moi ça - Bêtes de Foire (dv. 10/4) (12,00 €)",2026-04-08 23:19:12,,,,,,,,,12,0.36,Ramon Malé
1056,335986,FALSE,Ramon,Malé,,0,TERESA SANTMARTÍ,TERESA,SANTMARTÍ,,VALID,"Décrochez-moi ça - Bêtes de Foire (dv. 10/4) (12,00 €)",2026-04-08 23:19:12,,,,,,,,,12,0.36,Ramon Malé
968,339097,FALSE,Raul,Caro,,0,Raul Caro,Raul,Caro,,VALID,"Perdón (unplugged) - Los'Informalls (12,00 €)",2026-04-18 14:15:45,,,,,,,,,12,0.36,Raul Caro
74,335339,FALSE,Raúl,Medina,,0,Ana Pomar,Ana,Pomar,medinamartinezr@gmail.com,VALID,"Abonament dissabte 18/04 (excepte Escarlata) (35,00 €)",2026-04-06 19:07:01,,,,,,,,,35,01.05,Raúl Medina
163,335339,FALSE,Raúl,Medina,,0,Berta Astier Pi,Berta,Astier Pi,medinamartinezr@gmail.com,VALID,"Abonament dissabte 18/04 (excepte Escarlata) (35,00 €)",2026-04-06 19:07:01,,,,,,,,,35,01.05,Raúl Medina
876,335339,FALSE,Raúl,Medina,,0,Noelia González,Noelia,González,medinamartinezr@gmail.com,VALID,"Abonament dissabte 18/04 (excepte Escarlata) (35,00 €)",2026-04-06 19:07:01,,,,,,,,,35,01.05,Raúl Medina
967,335339,FALSE,Raúl,Medina,,0,Raúl Medina Martínez,Raúl,Medina Martínez,medinamartinezr@gmail.com,VALID,"Abonament dissabte 18/04 (excepte Escarlata) (35,00 €)",2026-04-06 19:07:01,,,,,,,,,35,01.05,Raúl Medina
971,339259,FALSE,ricard,bracke,,0,ricard bracke,ricard,bracke,ricardbracke@gmail.com,VALID,"Abonament diumenge 19/4 (excepte The Sinner) (25,00 €)",2026-04-19 0:10:08,,,,,,,,,25,0.75,ricard bracke
983,336043,FALSE,Rocio,Starone Gonzalez,,0,Rocio Starone,Rocio,Starone,ro.starone98@gmail.com,VALID,"Abonament 2n cap de setmana (75,00 €)",2026-04-09 9:42:31,,,,,,,,,75,2.25,Rocio Starone Gonzalez
4,336903,FALSE,roger,garcia,,0,Ada pruneda nieto,Ada,pruneda nieto,sr.donnadie@gmail.com,VALID,"Abonament 2n cap de setmana (75,00 €)",2026-04-11 11:25:30,,,,,,,,,75,2.25,roger garcia
350,338973,FALSE,roger,espel,,0,eva lamor,eva,lamor,evadelamor@gmail.com,VALID,"Ara o mai - La Crida Company (12,00 €)",2026-04-18 0:08:44,,,,,,,,,12,0.36,roger espel
583,329796,FALSE,Roger,Riu Gasso,,0,Laura Ezquerra. Casaus,Laura,Ezquerra. Casaus,laura_lnj@msn.com,VALID,"Abonament 1r cap de setmana (60,00 €)",2026-03-11 19:07:10,,,,,,,,,60,1.8,Roger Riu Gasso
984,336903,FALSE,roger,garcia,,0,Roger garcia Gorriz,Roger,garcia Gorriz,sr.donnadie@gmail.com,VALID,"Abonament 2n cap de setmana (75,00 €)",2026-04-11 11:25:30,,,,,,,,,75,2.25,roger garcia
986,338973,FALSE,roger,espel,,0,roger espel,roger,espel,rogerespel@yahoo.com,VALID,"Ara o mai - La Crida Company (12,00 €)",2026-04-18 0:08:44,,,,,,,,,12,0.36,roger espel
987,329796,FALSE,Roger,Riu Gasso,,0,Roger Riu Gasso,Roger,Riu Gasso,rogerriugasso@gmail.com,VALID,"Abonament 1r cap de setmana (60,00 €)",2026-03-11 19:07:10,,,,,,,,,60,1.8,Roger Riu Gasso
311,338315,FALSE,Rosa,Del castillo,,0,Elena romero,Elena,romero,rosadp_21@hotmail.com,VALID,"Chou chou ténèbres - SPPI (12,00 €)",2026-04-15 17:33:26,,,,,,,,,12,0.36,Rosa Del castillo
483,338405,FALSE,Rosa,Rodríguez,,0,Joan Druguet,Joan,Druguet,,VALID,"Chou chou ténèbres - SPPI (12,00 €)",2026-04-15 23:42:53,,,,,,,,,12,0.36,Rosa Rodríguez
990,338315,FALSE,Rosa,Del castillo,,0,ROSA del castillo,ROSA,del castillo,rosadp_21@hotmail.com,VALID,"Chou chou ténèbres - SPPI (12,00 €)",2026-04-15 17:33:26,,,,,,,,,12,0.36,Rosa Del castillo
991,338405,FALSE,Rosa,Rodríguez,,0,Rosa Rodríguez,Rosa,Rodríguez,,VALID,"Chou chou ténèbres - SPPI (12,00 €)",2026-04-15 23:42:53,,,,,,,,,12,0.36,Rosa Rodríguez
992,336016,FALSE,Rosa,Salvador Moreno,,0,Rosa Salvador Moreno,Rosa,Salvador Moreno,rositaplease@hotmail.com,VALID,"Ròdols i cigrons - Escarlata (15.30h) (12,00 €)",2026-04-09 7:34:21,,,,,,,,,12,0.36,Rosa Salvador Moreno
993,336016,FALSE,Rosa,Salvador Moreno,,0,Rosa Salvador Moreno,Rosa,Salvador Moreno,rositaplease@hotmail.com,VALID,"Décrochez-moi ça - Bêtes de Foire (ds. 18/4) (12,00 €)",2026-04-09 7:34:21,,,,,,,,,12,0.36,Rosa Salvador Moreno
134,337826,FALSE,Roser,Prat,,0,Assumpció Cardona,Assumpció,Cardona,,VALID,"Décrochez-moi ça - Bêtes de Foire (dv. 17/4) (12,00 €)",2026-04-13 21:49:54,,,,,,,,,12,0.36,Roser Prat
255,337826,FALSE,Roser,Prat,,0,Cristina Prat,Cristina,Prat,,VALID,"Décrochez-moi ça - Bêtes de Foire (dv. 17/4) (12,00 €)",2026-04-13 21:49:54,,,,,,,,,12,0.36,Roser Prat
996,337826,FALSE,Roser,Prat,,0,Roser Prat,Roser,Prat,roserprat@hotmail.com,VALID,"Décrochez-moi ça - Bêtes de Foire (dv. 17/4) (12,00 €)",2026-04-13 21:49:54,,,,,,,,,12,0.36,Roser Prat
907,333871,FALSE,ryan,trias,,0,paola idrontino,paola,idrontino,la.caja.ritmica@gmail.com,VALID,"Konvent Klub (10,00 €)",2026-03-30 0:58:44,,,,,,,,,10,0.3,ryan trias
908,333871,FALSE,ryan,trias,,0,paola idrontino,paola,idrontino,la.caja.ritmica@gmail.com,VALID,"Konvent Klub (10,00 €)",2026-03-30 0:58:44,,,,,,,,,10,0.3,ryan trias
1000,333871,FALSE,ryan,trias,,0,ryan trias,ryan,trias,la.caja.ritmica@gmail.com,VALID,"Dolores - My!Laika (12,00 €)",2026-03-30 0:58:44,,,,,,,,,12,0.36,ryan trias
1001,333871,FALSE,ryan,trias,,0,ryan trias,ryan,trias,la.caja.ritmica@gmail.com,VALID,"Dolores - My!Laika (12,00 €)",2026-03-30 0:58:44,,,,,,,,,12,0.36,ryan trias
46,337785,FALSE,Sabrina,Pécora,,0,Alessia Giazzi,Alessia,Giazzi,alessia.giazzi@gmail.com,VALID,"Abonament diumenge 19/4 (excepte The Sinner) (25,00 €)",2026-04-13 19:09:13,,,,,,,,,25,0.75,Sabrina Pécora
139,337785,FALSE,Sabrina,Pécora,,0,Ayalen Aguilera,Ayalen,Aguilera,mayelenaguilera@gmail.com,VALID,"Abonament diumenge 19/4 (excepte The Sinner) (25,00 €)",2026-04-13 19:09:13,,,,,,,,,25,0.75,Sabrina Pécora
473,337785,FALSE,Sabrina,Pécora,,0,Jesus Calleja,Jesus,Calleja,jesus.calleja86@gmail.com,VALID,"Abonament diumenge 19/4 (excepte The Sinner) (25,00 €)",2026-04-13 19:09:13,,,,,,,,,25,0.75,Sabrina Pécora
738,337785,FALSE,Sabrina,Pécora,,0,Marisol Tarriba,Marisol,Tarriba,tarribamarisol@gmail.com,VALID,"Abonament diumenge 19/4 (excepte The Sinner) (25,00 €)",2026-04-13 19:09:13,,,,,,,,,25,0.75,Sabrina Pécora
911,337785,FALSE,Sabrina,Pécora,,0,Patricia Rodriguez,Patricia,Rodriguez,paatriciarodriguez46@gmail.com,VALID,"Abonament diumenge 19/4 (excepte The Sinner) (25,00 €)",2026-04-13 19:09:13,,,,,,,,,25,0.75,Sabrina Pécora
1005,337785,FALSE,Sabrina,Pécora,,0,Sabrina Pécora,Sabrina,Pécora,sabrinapecoracortes@gmail.com,VALID,"Abonament diumenge 19/4 (excepte The Sinner) (25,00 €)",2026-04-13 19:09:13,,,,,,,,,25,0.75,Sabrina Pécora
1006,337220,FALSE,Sabrina,Senouci,,0,Sabrina Senouci,Sabrina,Senouci,sabrinasenouci@yahoo.fr,VALID,"Adeus - Cia. Oltrenotte (12,00 €)",2026-04-11 22:13:23,,,,,,,,,12,0.36,Sabrina Senouci
1007,337220,FALSE,Sabrina,Senouci,,0,Sabrina Senouci,Sabrina,Senouci,sabrinasenouci@yahoo.fr,VALID,"Décrochez-moi ça - Bêtes de Foire (ds. 18/4) (12,00 €)",2026-04-11 22:13:23,,,,,,,,,12,0.36,Sabrina Senouci
1042,337785,FALSE,Sabrina,Pécora,,0,Sofia Merlo,Sofia,Merlo,,VALID,"Abonament diumenge 19/4 (excepte The Sinner) (25,00 €)",2026-04-13 19:09:13,,,,,,,,,25,0.75,Sabrina Pécora
169,337197,FALSE,Sandra,Mora,,0,Boni Los Arcos,Boni,Los Arcos,arbresvida@gmail.com,VALID,"Dinar popular + Inutile Randonnée (10,00 €)",2026-04-11 21:14:48,,,,,,,,,10,0.3,Sandra Mora
265,338557,FALSE,Sandra,Pujadó,,0,Daniel Martínez Castro,Daniel,Martínez Castro,sandra.pujado30@gmail.com,VALID,"Perera Elsewhere + Rafush (10,00 €)",2026-04-16 19:50:12,,,,,,,,,10,0.3,Sandra Pujadó
1012,338557,FALSE,Sandra,Pujadó,,0,Sandra Pujadó Delgado,Sandra,Pujadó Delgado,sandra.pujado30@gmail.com,VALID,"Perera Elsewhere + Rafush (10,00 €)",2026-04-16 19:50:12,,,,,,,,,10,0.3,Sandra Pujadó
1014,337197,FALSE,Sandra,Mora,,0,Sandra Mora,Sandra,Mora,sanmoraduran@gmail.com,VALID,"Dinar popular + Inutile Randonnée (10,00 €)",2026-04-11 21:14:48,,,,,,,,,10,0.3,Sandra Mora
56,336957,FALSE,Sara,Orri,,0,ALFRED FITE,ALFRED,FITE,sara.orri@gmail.com,VALID,"Abonament divendres 17/04 (30,00 €)",2026-04-11 13:00:17,,,,,,,,,30,0.9,Sara Orri
188,336957,FALSE,Sara,Orri,,0,CARME SANTANDREU,CARME,SANTANDREU,sara.orri@gmail.com,VALID,"Abonament divendres 17/04 (30,00 €)",2026-04-11 13:00:17,,,,,,,,,30,0.9,Sara Orri
522,336957,FALSE,Sara,Orri,,0,JOSEP SANTANDREU,JOSEP,SANTANDREU,sara.orri@gmail.com,VALID,"Abonament divendres 17/04 (30,00 €)",2026-04-11 13:00:17,,,,,,,,,30,0.9,Sara Orri
523,336957,FALSE,Sara,Orri,,0,JOSEP SANTANDREU ORRI,JOSEP,SANTANDREU ORRI,sara.orri@gmail.com,VALID,"Abonament divendres 17/04 (30,00 €)",2026-04-11 13:00:17,,,,,,,,,30,0.9,Sara Orri
600,329838,FALSE,Sara,Borrella Contreras,,0,Leticia Moy,Leticia,Moy,saraborrella@gmail.com,VALID,"Dinar popular + Inutile Randonnée (10,00 €)",2026-03-11 21:16:39,,,,,,,,,10,0.3,Sara Borrella Contreras
601,329836,FALSE,Sara,Borrella Contreras,,0,LeticiaMoy Moy,LeticiaMoy,Moy,saraborrella@gmail.com,VALID,"Abonament dissabte 11/04 (35,00 €)",2026-03-11 21:11:26,,,,,,,,,35,01.05,Sara Borrella Contreras
668,329837,FALSE,Sara,Borrella Contreras,,0,Manuela Moy,Manuela,Moy,saraborrella@gmail.com,VALID,"Abonament dissabte 11/04 (20,00 €)",2026-03-11 21:13:29,,,,,,,,,20,0.6,Sara Borrella Contreras
669,329838,FALSE,Sara,Borrella Contreras,,0,Manuela Moy,Manuela,Moy,saraborrella@gmail.com,VALID,"Dinar popular + Inutile Randonnée (10,00 €)",2026-03-11 21:16:39,,,,,,,,,10,0.3,Sara Borrella Contreras
684,336957,FALSE,Sara,Orri,,0,MARC FITE,MARC,FITE,sara.orri@gmail.com,VALID,"Abonament divendres 17/04 (30,00 €)",2026-04-11 13:00:17,,,,,,,,,30,0.9,Sara Orri
1003,329837,FALSE,Sara,Borrella Contreras,,0,Sabina B,Sabina,B,saraborrella@gmail.com,VALID,"Abonament dissabte 11/04 (20,00 €)",2026-03-11 21:13:29,,,,,,,,,20,0.6,Sara Borrella Contreras
1004,329838,FALSE,Sara,Borrella Contreras,,0,Sabina B,Sabina,B,saraborrella@gmail.com,VALID,"Dinar popular + Inutile Randonnée (10,00 €)",2026-03-11 21:16:39,,,,,,,,,10,0.3,Sara Borrella Contreras
1015,334692,FALSE,Sara,Abalos Aguilar,,0,Sara Abalos,Sara,Abalos,sara.abalos@gmail.com,VALID,"Abonament 1r cap de setmana (60,00 €)",2026-04-03 0:32:30,,,,,,,,,60,1.8,Sara Abalos Aguilar
1016,338623,FALSE,Sara,Abalos Aguilar,,0,Sara Abalos,Sara,Abalos,sara.abalos@gmail.com,VALID,"Eclipse - Léo Rousselet (12,00 €)",2026-04-17 0:22:13,,,,,,,,,12,0.36,Sara Abalos Aguilar
1017,329836,FALSE,Sara,Borrella Contreras,,0,Sara Borrella,Sara,Borrella,saraborrella@gmail.com,VALID,"Abonament dissabte 11/04 (35,00 €)",2026-03-11 21:11:26,,,,,,,,,35,01.05,Sara Borrella Contreras
1018,329838,FALSE,Sara,Borrella Contreras,,0,Sara Borrella,Sara,Borrella,saraborrella@gmail.com,VALID,"Dinar popular + Inutile Randonnée (10,00 €)",2026-03-11 21:16:39,,,,,,,,,10,0.3,Sara Borrella Contreras
1021,339241,FALSE,Sara,Giancaterino,,0,Sara Giancaterino,Sara,Giancaterino,sara.giancat@gmail.com,VALID,"Abonament diumenge 19/4 (excepte The Sinner) (25,00 €)",2026-04-18 22:33:32,,,,,,,,,25,0.75,Sara Giancaterino
1022,336957,FALSE,Sara,Orri,,0,SARA ORRI,SARA,ORRI,sara.orri@gmail.com,VALID,"Abonament divendres 17/04 (30,00 €)",2026-04-11 13:00:17,,,,,,,,,30,0.9,Sara Orri
1035,329836,FALSE,Sara,Borrella Contreras,,0,Sílvia B,Sílvia,B,saraborrella@gmail.com,VALID,"Abonament dissabte 11/04 (35,00 €)",2026-03-11 21:11:26,,,,,,,,,35,01.05,Sara Borrella Contreras
1036,329838,FALSE,Sara,Borrella Contreras,,0,Sílvia B,Sílvia,B,saraborrella@gmail.com,VALID,"Dinar popular + Inutile Randonnée (10,00 €)",2026-03-11 21:16:39,,,,,,,,,10,0.3,Sara Borrella Contreras
1027,337272,FALSE,Sergi,Domingo,,0,Sergi Domingo,Sergi,Domingo,docasergi@gmail.com,VALID,"Abonament diumenge 19/4 (excepte The Sinner) (25,00 €)",2026-04-12 9:34:22,,,,,,,,,25,0.75,Sergi Domingo
1028,337272,FALSE,Sergi,Domingo,,0,Sergi Domingo,Sergi,Domingo,docasergi@gmail.com,VALID,"Dinar popular + Esperit! (10,00 €)",2026-04-12 9:34:22,,,,,,,,,10,0.3,Sergi Domingo
1029,337205,FALSE,Sergi,Gómez Muriach,,0,Sergi Gómez Muriach,Sergi,Gómez Muriach,sgomez78@xtec.cat,VALID,"Abonament 2n cap de setmana (75,00 €)",2026-04-11 21:45:39,,,,,,,,,75,2.25,Sergi Gómez Muriach
1040,335956,FALSE,Simona,Huber,,0,Simona Huber,Simona,Huber,simo6@gmx.net,VALID,"Abonament 2n cap de setmana (75,00 €)",2026-04-08 22:16:19,,,,,,,,,75,2.25,Simona Huber
68,331803,FALSE,Soledad,Revuelto,,0,Ambroise Bourguinat,Ambroise,Bourguinat,ambroise.bourguinat@gmail.com,VALID,"Abonament 1r cap de setmana (60,00 €)",2026-03-20 17:55:25,,,,,,,,,60,1.8,Soledad Revuelto
1046,331803,FALSE,Soledad,Revuelto,,0,Soledad Revuelto Romero,Soledad,Revuelto Romero,solerevuelto@coac.net,VALID,"Abonament 1r cap de setmana (60,00 €)",2026-03-20 17:55:25,,,,,,,,,60,1.8,Soledad Revuelto
947,331099,FALSE,soliveres,pilar,,0,pilar soliveres,pilar,soliveres,piliflo96@gmail.com,VALID,"Abonament 1r cap de setmana (60,00 €)",2026-03-18 0:06:32,,,,,,,,,60,1.8,soliveres pilar
137,335842,FALSE,Sonia,Llamas,,0,August Gendrau Comellas,August,Gendrau Comellas,niallamas@gmail.com,VALID,"Dolores - My!Laika (12,00 €)",2026-04-08 15:23:14,,,,,,,,,12,0.36,Sonia Llamas
1047,335842,FALSE,Sonia,Llamas,,0,Sònia Llamas Comellas,Sònia,Llamas Comellas,niallamas@gmail.com,VALID,"Dolores - My!Laika (12,00 €)",2026-04-08 15:23:14,,,,,,,,,12,0.36,Sonia Llamas
1048,334503,FALSE,sophie,Tuchscherer,,0,Sophie T,Sophie,T,lescactus@hotmail.com,VALID,"Abonament 2n cap de setmana (95,00 €)",2026-04-01 22:05:09,,,,,,,,,95,2.85,sophie Tuchscherer
1049,338634,FALSE,Susanna,Martínez Moles,,0,Susanna Martinez,Susanna,Martinez,smartinezmoles@gmail.com,VALID,"Chou chou ténèbres - SPPI (12,00 €)",2026-04-17 7:37:21,,,,,,,,,12,0.36,Susanna Martínez Moles
1054,339086,FALSE,Teresa,Casas,,0,Teresa Casas,Teresa,Casas,resetting@hotmail.com,VALID,"Kabaret Kontrast (10,00 €)",2026-04-18 13:55:01,,,,,,,,,10,0.3,Teresa Casas
1055,339086,FALSE,Teresa,Casas,,0,Teresa Casas,Teresa,Casas,mayte.casas.m@gmail.com,VALID,"Kabaret Kontrast (10,00 €)",2026-04-18 13:55:01,,,,,,,,,10,0.3,Teresa Casas
794,338048,FALSE,Terrus,Wasssenaar,,0,Merel Kamp,Merel,Kamp,merelkamp@yahoo.com,VALID,"Abonament dijous 16/04 (20,00 €)",2026-04-14 17:36:59,,,,,,,,,20,0.6,Terrus Wasssenaar
795,338048,FALSE,Terrus,Wasssenaar,,0,Merel Kamp,Merel,Kamp,merelkamp@yahoo.com,VALID,"Abonament divendres 17/04 (30,00 €)",2026-04-14 17:36:59,,,,,,,,,30,0.9,Terrus Wasssenaar
1057,338048,FALSE,Terrus,Wasssenaar,,0,terrus wassenaar,terrus,wassenaar,wassenaarterrus@gmail.com,VALID,"Abonament dijous 16/04 (20,00 €)",2026-04-14 17:36:59,,,,,,,,,20,0.6,Terrus Wasssenaar
1058,338048,FALSE,Terrus,Wasssenaar,,0,terrus wassenaar,terrus,wassenaar,wassenaarterrus@gmail.com,VALID,"Abonament divendres 17/04 (30,00 €)",2026-04-14 17:36:59,,,,,,,,,30,0.9,Terrus Wasssenaar
1064,338713,FALSE,Thigo,Souza,,0,Thiago Souza,Thiago,Souza,thiagoalvessouza.circus@gmail.com,VALID,"Chou chou ténèbres - SPPI (12,00 €)",2026-04-17 12:20:52,,,,,,,,,12,0.36,Thigo Souza
1065,338713,FALSE,Thigo,Souza,,0,Thiago Souza,Thiago,Souza,thiagoalvessouza.circus@gmail.com,VALID,"Muovipussi + Schlaasss (10,00 €)",2026-04-17 12:20:52,,,,,,,,,10,0.3,Thigo Souza
1066,338713,FALSE,Thigo,Souza,,0,Thiago Souza,Thiago,Souza,thiagoalvessouza.circus@gmail.com,VALID,"Eclipse - Léo Rousselet (12,00 €)",2026-04-17 12:20:52,,,,,,,,,12,0.36,Thigo Souza
123,338471,FALSE,Toni,Algarra,,0,ANTONIO Algarra,ANTONIO,Algarra,trashtorno@gmail.com,VALID,"Abonament dijous 16/04 (20,00 €)",2026-04-16 13:48:49,,,,,,,,,20,0.6,Toni Algarra
1072,335570,FALSE,Toni,Algarra,,0,Toni Algarra Fernandez,Toni,Algarra Fernandez,trashtorno@gmail.com,VALID,"Abonament dissabte 18/04 (excepte Escarlata) (35,00 €)",2026-04-07 16:27:08,,,,,,,,,35,01.05,Toni Algarra
417,336791,FALSE,Tupac,Damia,,0,Gloria Muestre,Gloria,Muestre,tupacdamia@gmail.com,VALID,"Décrochez-moi ça - Bêtes de Foire (dg. 12/4) (12,00 €)",2026-04-10 23:15:31,,,,,,,,,12,0.36,Tupac Damia
1077,336791,FALSE,Tupac,Damia,,0,Tupac martin Damia,Tupac martin,Damia,tupacdamia@gmail.com,VALID,"Décrochez-moi ça - Bêtes de Foire (dg. 12/4) (12,00 €)",2026-04-10 23:15:31,,,,,,,,,12,0.36,Tupac Damia
1078,334938,FALSE,Urgell,Escribà,,0,Txopo López de Robles,Txopo,López de Robles,zuiagoitia@gmail.com,VALID,"Abonament diumenge 12/04 (30,00 €)",2026-04-04 18:17:56,,,,,,,,,30,0.9,Urgell Escribà
1080,334938,FALSE,Urgell,Escribà,,0,Urgell Escriba,Urgell,Escriba,urgellescriba@gmail.com,VALID,"Abonament diumenge 12/04 (30,00 €)",2026-04-04 18:17:56,,,,,,,,,30,0.9,Urgell Escribà
1091,335042,FALSE,Viola,Galassi,,0,Viola Galassi,Viola,Galassi,violagalassi3@gmail.com,VALID,"Abonament 1r cap de setmana (60,00 €)",2026-04-05 12:21:32,,,,,,,,,60,1.8,Viola Galassi
837,335380,FALSE,violeta,martinez barriere,,0,Montse Barriere,Montse,Barriere,,VALID,"ROSE BIF - Sarah Anglada (12,00 €)",2026-04-06 20:56:17,,,,,,,,,12,0.36,violeta martinez barriere
838,335380,FALSE,violeta,martinez barriere,,0,Montse Barriere,Montse,Barriere,,VALID,"Dolores - My!Laika (12,00 €)",2026-04-06 20:56:17,,,,,,,,,12,0.36,violeta martinez barriere
1092,335380,FALSE,violeta,martinez barriere,,0,Violeta Martinez,Violeta,Martinez,,VALID,"Abonament diumenge 12/04 (30,00 €)",2026-04-06 20:56:17,,,,,,,,,30,0.9,violeta martinez barriere
1093,335380,FALSE,violeta,martinez barriere,,0,Violeta Martinez,Violeta,Martinez,,VALID,"ROSE BIF - Sarah Anglada (12,00 €)",2026-04-06 20:56:17,,,,,,,,,12,0.36,violeta martinez barriere
1094,335380,FALSE,violeta,martinez barriere,,0,Violeta Martinez,Violeta,Martinez,,VALID,"Dolores - My!Laika (12,00 €)",2026-04-06 20:56:17,,,,,,,,,12,0.36,violeta martinez barriere
468,333470,FALSE,VIRGINIE,FELTZ,,0,jennyfer GOUBIER,jennyfer,GOUBIER,jennycocotte66@gmail.com,VALID,"Abonament divendres 17/04 (30,00 €)",2026-03-27 14:31:36,,,,,,,,,30,0.9,VIRGINIE FELTZ
469,333470,FALSE,VIRGINIE,FELTZ,,0,JENNYFER GOUBIER,JENNYFER,GOUBIER,jennycocotte66@gmail.com,VALID,"Abonament dissabte 18/04 (excepte Escarlata) (35,00 €)",2026-03-27 14:31:36,,,,,,,,,35,01.05,VIRGINIE FELTZ
1095,333470,FALSE,VIRGINIE,FELTZ,,0,virginie FELTZ,virginie,FELTZ,virginie.feltz66@gmail.com,VALID,"Abonament divendres 17/04 (30,00 €)",2026-03-27 14:31:36,,,,,,,,,30,0.9,VIRGINIE FELTZ
1096,333470,FALSE,VIRGINIE,FELTZ,,0,VIRGINIE FELTZ,VIRGINIE,FELTZ,virginie.feltz66@gmail.com,VALID,"Abonament dissabte 18/04 (excepte Escarlata) (35,00 €)",2026-03-27 14:31:36,,,,,,,,,35,01.05,VIRGINIE FELTZ
306,338848,FALSE,Vladislav,Gorbuntsov,,0,Egor Petriv,Egor,Petriv,,VALID,"Adeus - Cia. Oltrenotte (12,00 €)",2026-04-17 17:59:54,,,,,,,,,12,0.36,Vladislav Gorbuntsov
780,338848,FALSE,Vladislav,Gorbuntsov,,0,Maryna Petriv,Maryna,Petriv,,VALID,"Adeus - Cia. Oltrenotte (12,00 €)",2026-04-17 17:59:54,,,,,,,,,12,0.36,Vladislav Gorbuntsov
1024,338848,FALSE,Vladislav,Gorbuntsov,,0,Sasha Vetrova,Sasha,Vetrova,,VALID,"Adeus - Cia. Oltrenotte (12,00 €)",2026-04-17 17:59:54,,,,,,,,,12,0.36,Vladislav Gorbuntsov
1097,338848,FALSE,Vladislav,Gorbuntsov,,0,Vlad Svoboda,Vlad,Svoboda,agdorj@gmail.com,VALID,"Adeus - Cia. Oltrenotte (12,00 €)",2026-04-17 17:59:54,,,,,,,,,12,0.36,Vladislav Gorbuntsov
3,336758,FALSE,Xavi,Martín Fernàndez,,0,Acompanyant Godall,Acompanyant,Godall,,VALID,"Dinar popular + Esperit! (10,00 €)",2026-04-10 21:50:04,,,,,,,,,10,0.3,Xavi Martín Fernàndez
18,336758,FALSE,Xavi,Martín Fernàndez,,0,Alba Morancho,Alba,Morancho,,VALID,"Dinar popular + Esperit! (10,00 €)",2026-04-10 21:50:04,,,,,,,,,10,0.3,Xavi Martín Fernàndez
185,336758,FALSE,Xavi,Martín Fernàndez,,0,Carlos Dueñas,Carlos,Dueñas,,VALID,"Dinar popular + Esperit! (10,00 €)",2026-04-10 21:50:04,,,,,,,,,10,0.3,Xavi Martín Fernàndez
294,336758,FALSE,Xavi,Martín Fernàndez,,0,Dolça Godall,Dolça,Godall,,VALID,"Dinar popular + Esperit! (10,00 €)",2026-04-10 21:50:04,,,,,,,,,10,0.3,Xavi Martín Fernàndez
429,336758,FALSE,Xavi,Martín Fernàndez,,0,Heura Martín,Heura,Martín,,VALID,"Dinar popular + Esperit! (10,00 €)",2026-04-10 21:50:04,,,,,,,,,10,0.3,Xavi Martín Fernàndez
696,336758,FALSE,Xavi,Martín Fernàndez,,0,Maria Godall,Maria,Godall,,VALID,"Dinar popular + Esperit! (10,00 €)",2026-04-10 21:50:04,,,,,,,,,10,0.3,Xavi Martín Fernàndez
816,332032,FALSE,XAVI,PALOU,,0,Mireia Marin,Mireia,Marin,xavipalouestany@yahoo.es,VALID,"Abonament 2n cap de setmana (75,00 €)",2026-03-21 18:50:47,,,,,,,,,75,2.25,XAVI PALOU
875,336758,FALSE,Xavi,Martín Fernàndez,,0,Noelia Dueñas,Noelia,Dueñas,,VALID,"Dinar popular + Esperit! (10,00 €)",2026-04-10 21:50:04,,,,,,,,,10,0.3,Xavi Martín Fernàndez
891,336758,FALSE,Xavi,Martín Fernàndez,,0,Ona Valdellou,Ona,Valdellou,,VALID,"Dinar popular + Esperit! (10,00 €)",2026-04-10 21:50:04,,,,,,,,,10,0.3,Xavi Martín Fernàndez
1098,332032,FALSE,XAVI,PALOU,,0,Xavi Palou,Xavi,Palou,xavipalouestany@yahoo.es,VALID,"Abonament 2n cap de setmana (75,00 €)",2026-03-21 18:50:47,,,,,,,,,75,2.25,XAVI PALOU
1101,336758,FALSE,Xavi,Martín Fernàndez,,0,Xavier Xavi Martín,Xavier,Xavi Martín,xavi.sants@gmail.com,VALID,"Dinar popular + Esperit! (10,00 €)",2026-04-10 21:50:04,,,,,,,,,10,0.3,Xavi Martín Fernàndez
1102,336758,FALSE,Xavi,Martín Fernàndez,,0,Xènia Pociello,Xènia,Pociello,,VALID,"Dinar popular + Esperit! (10,00 €)",2026-04-10 21:50:04,,,,,,,,,10,0.3,Xavi Martín Fernàndez
806,336639,FALSE,Xavier,Bover,,0,Miquel Bover,Miquel,Bover,xavibover@gmail.com,VALID,"Décrochez-moi ça - Bêtes de Foire (dg. 12/4) (8,00 €)",2026-04-10 17:25:12,,,,,,,,,8,0.24,Xavier Bover
826,337189,FALSE,Xavier,Bover,,0,Miriam Cano Martinez,Miriam,Cano Martinez,xavibover@gmail.com,VALID,"Décrochez-moi ça - Bêtes de Foire (dg. 12/4) (12,00 €)",2026-04-11 21:01:01,,,,,,,,,12,0.36,Xavier Bover
960,336639,FALSE,Xavier,Bover,,0,Ramon bover,Ramon,bover,xavibover@gmail.com,VALID,"Décrochez-moi ça - Bêtes de Foire (dg. 12/4) (8,00 €)",2026-04-10 17:25:12,,,,,,,,,8,0.24,Xavier Bover
1100,336641,FALSE,Xavier,Bover,,0,xavier bover,xavier,bover,xavibover@gmail.com,VALID,"Décrochez-moi ça - Bêtes de Foire (dg. 12/4) (15,00 €)",2026-04-10 17:31:06,,,,,,,,,15,0.45,Xavier Bover
39,335748,FALSE,,,,0,Aleix Canicio,Aleix,Canicio,aleixcanicio@gmail.com,VALID,"Décrochez-moi ça - Bêtes de Foire (dv. 10/4) (15,00 €)",2026-04-08 9:50:04,,,,,,,,,15,0.45,
40,335748,FALSE,,,,0,Aleix Canicio,Aleix,Canicio,aleixcanicio@gmail.com,VALID,"ERREURJEAN + Compost Collaps (10,00 €)",2026-04-08 9:50:04,,,,,,,,,10,0.3,
41,335748,FALSE,,,,0,Aleix Canicio,Aleix,Canicio,aleixcanicio@gmail.com,VALID,"Konvent Klub (10,00 €)",2026-04-08 9:50:04,,,,,,,,,10,0.3,
42,335748,FALSE,,,,0,Aleix Canicio,Aleix,Canicio,aleixcanicio@gmail.com,VALID,"Dinar popular + Inutile Randonnée (10,00 €)",2026-04-08 9:50:04,,,,,,,,,10,0.3,
143,330695,FALSE,,,,0,Barbara Ford,Barbara,Ford,caoticabarbara@gmail.com,VALID,"Abonament 1r cap de setmana (60,00 €)",2026-03-16 0:50:08,,,,,,,,,60,1.8,
160,338588,FALSE,,,,0,Bernat Hidalgo martínez,Bernat,Hidalgo martínez,bernathima@gmail.com,VALID,"Perdón (unplugged) - Los'Informalls (12,00 €)",2026-04-16 21:45:34,,,,,,,,,12,0.36,
161,338588,FALSE,,,,0,Bernat Hidalgo martínez,Bernat,Hidalgo martínez,bernathima@gmail.com,VALID,"Perera Elsewhere + Rafush (10,00 €)",2026-04-16 21:45:34,,,,,,,,,10,0.3,
162,335336,FALSE,,,,0,Bernat Hidalgo Martínez Hidalgo Martínez,Bernat Hidalgo Martínez,Hidalgo Martínez,bernathima@gmail.com,VALID,"Abonament dissabte 11/04 (35,00 €)",2026-04-06 18:58:37,,,,,,,,,35,01.05,
368,338601,FALSE,,,,0,Fernando Rosell Romo,Fernando,Rosell Romo,frosellromo@gmail.com,VALID,"Abonament divendres 17/04 (30,00 €)",2026-04-16 22:42:53,,,,,,,,,30,0.9,
369,338601,FALSE,,,,0,Fernando Rosell Romo,Fernando,Rosell Romo,,VALID,"Perdón (unplugged) - Los'Informalls (12,00 €)",2026-04-16 22:42:53,,,,,,,,,12,0.36,
372,335173,FALSE,,,,0,Fina Vilarmau,Fina,Vilarmau,fauravmaria@gmail.com,VALID,"Décrochez-moi ça - Bêtes de Foire (dv. 10/4) (12,00 €)",2026-04-05 22:08:54,,,,,,,,,12,0.36,
373,335173,FALSE,,,,0,Fina Vilarmau,Fina,Vilarmau,fauravmaria@gmail.com,VALID,"ROSE BIF - Sarah Anglada (12,00 €)",2026-04-05 22:08:54,,,,,,,,,12,0.36,
377,335173,FALSE,,,,0,Fina Vilarmau,Fina,Vilarmau,fauravmaria@gmail.com,VALID,"Walk in Progress (10,00 €)",2026-04-05 22:08:54,,,,,,,,,10,0.3,
400,338607,FALSE,,,,0,Gemma Calvet,Gemma,Calvet,gemcalvet@gmail.com,VALID,"Perdón (unplugged) - Los'Informalls (12,00 €)",2026-04-16 22:59:53,,,,,,,,,12,0.36,
401,338607,FALSE,,,,0,Gemma Calvet Claramunt,Gemma,Calvet Claramunt,gemcalvet@gmail.com,VALID,"Adeus - Cia. Oltrenotte (12,00 €)",2026-04-16 22:59:53,,,,,,,,,12,0.36,
448,335564,FALSE,,,,0,Isabel Codina Massanés,Isabel,Codina Massanés,naticodina@hotmail.com,VALID,"ROSE BIF - Sarah Anglada (12,00 €)",2026-04-07 15:40:35,,,,,,,,,12,0.36,
454,337905,FALSE,,,,0,Ivette Dalmau Bayón,Ivette,Dalmau Bayón,ivettedalmau@gmail.com,VALID,"Adeus - Cia. Oltrenotte (12,00 €)",2026-04-14 9:31:00,,,,,,,,,12,0.36,
479,335173,FALSE,,,,0,Joan Carles Mercadal,Joan Carles,Mercadal,fauravmaria@gmail.com,VALID,"Décrochez-moi ça - Bêtes de Foire (dv. 10/4) (12,00 €)",2026-04-05 22:08:54,,,,,,,,,12,0.36,
480,335173,FALSE,,,,0,Joan Carles Mercadal,Joan Carles,Mercadal,fauravmaria@gmail.com,VALID,"Walk in Progress (10,00 €)",2026-04-05 22:08:54,,,,,,,,,10,0.3,
481,335173,FALSE,,,,0,Joan Carles Mercadal,Joan Carles,Mercadal,fauravmaria@gmail.com,VALID,"ROSE BIF - Sarah Anglada (12,00 €)",2026-04-05 22:08:54,,,,,,,,,12,0.36,
496,335180,FALSE,,,,0,Jordi Solà,Jordi,Solà,fauravmaria@gmail.com,VALID,"Walk in Progress (6,00 €)",2026-04-05 22:12:45,,,,,,,,,6,0.18,
497,335180,FALSE,,,,0,Jordi Solà,Jordi,Solà,fauravmaria@gmail.com,VALID,"Dolores - My!Laika (8,00 €)",2026-04-05 22:12:45,,,,,,,,,8,0.24,
546,337468,FALSE,,,,0,Júlia Martinez,Júlia,Martinez,juliamartinezsenserrich@gmail.com,VALID,"Abonament 2n cap de setmana (75,00 €)",2026-04-12 18:29:03,,,,,,,,,75,2.25,
685,338588,FALSE,,,,0,Marc Roglan Denia,Marc,Roglan Denia,roglan1988@gmail.com,VALID,"Perera Elsewhere + Rafush (10,00 €)",2026-04-16 21:45:34,,,,,,,,,10,0.3,
769,337905,FALSE,,,,0,Martí Barcons Fígols,Martí,Barcons Fígols,martibarcons@gmail.com,VALID,"Adeus - Cia. Oltrenotte (12,00 €)",2026-04-14 9:31:00,,,,,,,,,12,0.36,
805,336611,FALSE,,,,0,Miquel Faura,Miquel,Faura,fauravmaria@gmail.com,VALID,"Décrochez-moi ça - Bêtes de Foire (dv. 10/4) (8,00 €)",2026-04-10 16:16:49,,,,,,,,,8,0.24,
818,338607,FALSE,,,,0,Mireia Vilamala,Mireia,Vilamala,mireiavilamala01@gmail.com,VALID,"Perdón (unplugged) - Los'Informalls (12,00 €)",2026-04-16 22:59:53,,,,,,,,,12,0.36,
819,338607,FALSE,,,,0,Mireia Vilamala Orra,Mireia,Vilamala Orra,mireiavilamala01@gmail.com,VALID,"Adeus - Cia. Oltrenotte (12,00 €)",2026-04-16 22:59:53,,,,,,,,,12,0.36,
862,335564,FALSE,,,,0,Nati Codina Massanés,Nati,Codina Massanés,naticodina@hotmail.com,VALID,"ROSE BIF - Sarah Anglada (12,00 €)",2026-04-07 15:40:35,,,,,,,,,12,0.36,
956,335180,FALSE,,,,0,Rai Solà,Rai,Solà,fauravmaria@gmail.com,VALID,"Walk in Progress (6,00 €)",2026-04-05 22:12:45,,,,,,,,,6,0.18,
957,335180,FALSE,,,,0,Rai Solà,Rai,Solà,fauravmaria@gmail.com,VALID,"ROSE BIF - Sarah Anglada (8,00 €)",2026-04-05 22:12:45,,,,,,,,,8,0.24,
958,335180,FALSE,,,,0,Rai Solà,Rai,Solà,fauravmaria@gmail.com,VALID,"Dolores - My!Laika (8,00 €)",2026-04-05 22:12:45,,,,,,,,,8,0.24,
959,336611,FALSE,,,,0,Rai Solà,Rai,Solà,fauravmaria@gmail.com,VALID,"Décrochez-moi ça - Bêtes de Foire (dv. 10/4) (8,00 €)",2026-04-10 16:16:49,,,,,,,,,8,0.24,
1069,335180,FALSE,,,,0,Ton Solà,Ton,Solà,fauravmaria@gmail.com,VALID,"Walk in Progress (6,00 €)",2026-04-05 22:12:45,,,,,,,,,6,0.18,
1070,335180,FALSE,,,,0,Ton Solà,Ton,Solà,fauravmaria@gmail.com,VALID,"ROSE BIF - Sarah Anglada (8,00 €)",2026-04-05 22:12:45,,,,,,,,,8,0.24,
1071,335180,FALSE,,,,0,Ton Solà,Ton,Solà,fauravmaria@gmail.com,VALID,"Dolores - My!Laika (8,00 €)",2026-04-05 22:12:45,,,,,,,,,8,0.24,